Innings,Batting Team,Striker,Phase,Runs,Balls,Fours,Sixes,Dot_Balls,Strike Rate
1,West Indies cricket team,Amir Jangoo,Powerplay 2,8,16,0,0,9,50.0
1,West Indies cricket team,Amir Jangoo,Powerplay 3,50,27,7,1,4,185.19
1,West Indies cricket team,Gudakesh Motie,Powerplay 3,4,4,0,0,1,100.0
1,West Indies cricket team,Jewel Andrew,Powerplay 2,0,1,0,0,1,0.0
1,West Indies cricket team,John Campbell,Powerplay 1,37,29,5,2,17,127.59
1,West Indies cricket team,John Campbell,Powerplay 2,25,31,1,1,14,80.65
1,West Indies cricket team,Justin Greaves,Powerplay 1,42,32,9,0,19,131.25
1,West Indies cricket team,Justin Greaves,Powerplay 2,59,76,3,0,32,77.63
1,West Indies cricket team,Keacy Carty,Powerplay 2,13,31,0,0,18,41.94
1,West Indies cricket team,Matthew Forde,Powerplay 3,7,12,0,0,6,58.33
1,West Indies cricket team,Roston Chase,Powerplay 2,8,14,1,0,9,57.14
1,West Indies cricket team,Roston Chase,Powerplay 3,16,18,2,0,8,88.89
1,West Indies cricket team,Shai Hope,Powerplay 2,12,11,1,0,3,109.09
2,India national cricket team,Rohit Sharma,Powerplay 1,30,27,2,3,19,111.11
2,India national cricket team,Rohit Sharma,Powerplay 2,2,8,0,0,6,25.0
2,India national cricket team,Ruturaj Gaikwad,Powerplay 2,10,16,0,0,8,62.5
2,India national cricket team,Ruturaj Gaikwad,Powerplay 3,3,3,0,0,0,100.0
2,India national cricket team,Shubman Gill,Powerplay 1,39,33,5,1,18,118.18
2,India national cricket team,Shubman Gill,Powerplay 2,71,75,8,0,30,94.67
2,India national cricket team,Virat Kohli,Powerplay 2,116,81,8,7,26,143.21
2,India national cricket team,Virat Kohli,Powerplay 3,23,7,2,2,0,328.57
