Innings,Batting Team,Striker,Bowler,Balls,Runs,Wickets,Fours,Sixes,Strike Rate
1,West Indies cricket team,Amir Jangoo,Gurnoor Brar,12,19,0,2,1,158.33
1,West Indies cricket team,Amir Jangoo,Kuldeep Yadav,7,5,0,0,0,71.43
1,West Indies cricket team,Amir Jangoo,Naman Dhir,3,3,0,0,0,100.0
1,West Indies cricket team,Amir Jangoo,Nitish Reddy,2,2,0,0,0,100.0
1,West Indies cricket team,Amir Jangoo,Prasidh Krishna,13,27,0,5,0,207.69
1,West Indies cricket team,Amir Jangoo,Ravindra Jadeja,6,2,0,0,0,33.33
1,West Indies cricket team,Gudakesh Motie,Nitish Reddy,3,4,0,0,0,133.33
1,West Indies cricket team,Jewel Andrew,Kuldeep Yadav,1,0,1,0,0,0.0
1,West Indies cricket team,John Campbell,Gurnoor Brar,12,15,0,3,0,125.0
1,West Indies cricket team,John Campbell,Kuldeep Yadav,8,10,1,0,1,125.0
1,West Indies cricket team,John Campbell,Naman Dhir,9,5,0,0,0,55.56
1,West Indies cricket team,John Campbell,Nitish Reddy,1,0,0,0,0,0.0
1,West Indies cricket team,John Campbell,Prasidh Krishna,10,6,0,1,0,60.0
1,West Indies cricket team,John Campbell,Ravindra Jadeja,20,26,0,2,2,130.0
1,West Indies cricket team,Justin Greaves,Gurnoor Brar,19,13,0,2,0,68.42
1,West Indies cricket team,Justin Greaves,Kuldeep Yadav,24,13,1,1,0,54.17
1,West Indies cricket team,Justin Greaves,Naman Dhir,9,13,0,1,0,144.44
1,West Indies cricket team,Justin Greaves,Nitish Reddy,15,27,0,5,0,180.0
1,West Indies cricket team,Justin Greaves,Prasidh Krishna,19,16,0,3,0,84.21
1,West Indies cricket team,Justin Greaves,Ravindra Jadeja,21,19,0,0,0,90.48
1,West Indies cricket team,Keacy Carty,Gurnoor Brar,5,1,0,0,0,20.0
1,West Indies cricket team,Keacy Carty,Kuldeep Yadav,10,3,0,0,0,30.0
1,West Indies cricket team,Keacy Carty,Nitish Reddy,5,4,0,0,0,80.0
1,West Indies cricket team,Keacy Carty,Prasidh Krishna,4,1,1,0,0,25.0
1,West Indies cricket team,Keacy Carty,Ravindra Jadeja,7,4,0,0,0,57.14
1,West Indies cricket team,Matthew Forde,Gurnoor Brar,5,4,0,0,0,80.0
1,West Indies cricket team,Matthew Forde,Nitish Reddy,1,0,1,0,0,0.0
1,West Indies cricket team,Matthew Forde,Prasidh Krishna,6,3,0,0,0,50.0
1,West Indies cricket team,Roston Chase,Gurnoor Brar,7,4,0,0,0,57.14
1,West Indies cricket team,Roston Chase,Kuldeep Yadav,8,6,0,1,0,75.0
1,West Indies cricket team,Roston Chase,Naman Dhir,9,12,0,2,0,133.33
1,West Indies cricket team,Roston Chase,Prasidh Krishna,5,2,1,0,0,40.0
1,West Indies cricket team,Roston Chase,Ravindra Jadeja,3,0,0,0,0,0.0
1,West Indies cricket team,Shai Hope,Kuldeep Yadav,2,1,1,0,0,50.0
1,West Indies cricket team,Shai Hope,Nitish Reddy,3,6,0,1,0,200.0
1,West Indies cricket team,Shai Hope,Prasidh Krishna,3,2,0,0,0,66.67
1,West Indies cricket team,Shai Hope,Ravindra Jadeja,3,3,0,0,0,100.0
2,India national cricket team,Rohit Sharma,Alzarri Joseph,12,6,1,0,1,50.0
2,India national cricket team,Rohit Sharma,Gudakesh Motie,3,1,0,0,0,33.33
2,India national cricket team,Rohit Sharma,Jayden Seales,14,16,0,2,1,114.29
2,India national cricket team,Rohit Sharma,Matthew Forde,4,7,0,0,1,175.0
2,India national cricket team,Rohit Sharma,Roston Chase,2,2,0,0,0,100.0
2,India national cricket team,Ruturaj Gaikwad,Alzarri Joseph,5,7,0,0,0,140.0
2,India national cricket team,Ruturaj Gaikwad,Gudakesh Motie,9,4,0,0,0,44.44
2,India national cricket team,Ruturaj Gaikwad,Jayden Seales,4,1,0,0,0,25.0
2,India national cricket team,Ruturaj Gaikwad,Keacy Carty,1,1,0,0,0,100.0
2,India national cricket team,Shubman Gill,Alzarri Joseph,11,15,0,3,0,136.36
2,India national cricket team,Shubman Gill,Gudakesh Motie,21,24,0,1,1,114.29
2,India national cricket team,Shubman Gill,Jayden Seales,18,12,0,1,0,66.67
2,India national cricket team,Shubman Gill,Matthew Forde,21,23,0,3,0,109.52
2,India national cricket team,Shubman Gill,Roston Chase,37,36,1,5,0,97.3
2,India national cricket team,Virat Kohli,Alzarri Joseph,26,53,0,7,3,203.85
2,India national cricket team,Virat Kohli,Gudakesh Motie,27,37,0,2,2,137.04
2,India national cricket team,Virat Kohli,Jayden Seales,6,2,0,0,0,33.33
2,India national cricket team,Virat Kohli,Keacy Carty,3,13,0,0,2,433.33
2,India national cricket team,Virat Kohli,Matthew Forde,5,8,0,1,0,160.0
2,India national cricket team,Virat Kohli,Roston Chase,21,26,0,0,2,123.81
