Innings,Batting Team,Striker,Runs,Balls,Fours,Sixes,Dot_Balls,Strike Rate,Dot %,Boundary Runs,Boundary %,Runs Contribution %
1,West Indies cricket team,Justin Greaves,101,108,12,0,51,93.52,47.22,48,47.52,35.94
1,West Indies cricket team,John Campbell,62,60,6,3,31,103.33,51.67,42,67.74,22.06
1,West Indies cricket team,Amir Jangoo,58,43,7,1,13,134.88,30.23,34,58.62,20.64
1,West Indies cricket team,Roston Chase,24,32,3,0,17,75.0,53.12,12,50.0,8.54
1,West Indies cricket team,Keacy Carty,13,31,0,0,18,41.94,58.06,0,0.0,4.63
1,West Indies cricket team,Shai Hope,12,11,1,0,3,109.09,27.27,4,33.33,4.27
1,West Indies cricket team,Matthew Forde,7,12,0,0,6,58.33,50.0,0,0.0,2.49
1,West Indies cricket team,Gudakesh Motie,4,4,0,0,1,100.0,25.0,0,0.0,1.42
1,West Indies cricket team,Jewel Andrew,0,1,0,0,1,0.0,100.0,0,0.0,0.0
2,India national cricket team,Virat Kohli,139,88,10,9,26,157.95,29.55,94,67.63,47.28
2,India national cricket team,Shubman Gill,110,108,13,1,48,101.85,44.44,58,52.73,37.41
2,India national cricket team,Rohit Sharma,32,35,2,3,25,91.43,71.43,26,81.25,10.88
2,India national cricket team,Ruturaj Gaikwad,13,19,0,0,8,68.42,42.11,0,0.0,4.42
