Innings,Bowling Team,Bowler,Legal_Balls,Runs_Conceded,Wickets,Dot_Balls,Fours_Conceded,Sixes_Conceded,Overs,Economy,Dot %,Boundary Balls,Boundary Runs,Bowling SR
1,India national cricket team,Kuldeep Yadav,60,40,4,34,2,1,10.0,4.0,56.67,3,14,15.0
1,India national cricket team,Prasidh Krishna,60,60,2,31,9,0,10.0,6.0,51.67,9,36,30.0
1,India national cricket team,Nitish Reddy,30,45,1,7,6,0,5.0,9.0,23.33,6,24,30.0
1,India national cricket team,Ravindra Jadeja,60,54,0,27,2,2,10.0,5.4,45.0,4,20,
1,India national cricket team,Gurnoor Brar,60,60,0,31,7,1,10.0,6.0,51.67,8,34,
1,India national cricket team,Naman Dhir,30,33,0,7,3,0,5.0,6.6,23.33,3,12,
2,West Indies cricket team,Roston Chase,60,64,1,22,5,2,10.0,6.4,36.67,7,32,60.0
2,West Indies cricket team,Alzarri Joseph,54,81,1,25,10,4,9.0,9.0,46.3,14,64,54.0
2,West Indies cricket team,Jayden Seales,42,32,0,27,3,1,7.0,4.57,64.29,4,18,
2,West Indies cricket team,Gudakesh Motie,60,66,0,20,3,3,10.0,6.6,33.33,6,30,
2,West Indies cricket team,Matthew Forde,30,39,0,12,4,1,5.0,7.8,40.0,5,22,
2,West Indies cricket team,Keacy Carty,4,17,0,0,0,2,0.4,25.5,0.0,2,12,
