Innings,Batting Team,Over,Runs,Runs_Off_Bat,Wickets,Fours,Sixes,Dot_Balls,Legal_Balls,Cumulative Runs,Cumulative Wickets,Over Run Rate
1,West Indies cricket team,2,18,16,0,4,0,3,6,19,0,18.0
2,India national cricket team,42,17,14,0,0,2,0,4,300,2,25.5
1,West Indies cricket team,9,16,16,0,1,2,3,6,78,0,16.0
1,West Indies cricket team,43,15,14,0,3,0,1,6,243,5,15.0
2,India national cricket team,29,14,14,0,3,0,1,6,193,1,14.0
2,India national cricket team,32,13,13,0,1,1,1,6,215,1,13.0
2,India national cricket team,8,12,12,0,3,0,3,6,53,0,12.0
2,India national cricket team,14,12,12,0,1,1,2,6,92,1,12.0
2,India national cricket team,25,12,12,0,2,0,0,6,158,1,12.0
1,West Indies cricket team,42,12,12,0,2,0,0,6,228,5,12.0
2,India national cricket team,41,12,12,0,2,0,0,6,283,2,12.0
1,West Indies cricket team,7,12,12,0,3,0,3,6,60,0,12.0
2,India national cricket team,9,11,11,0,1,1,3,6,64,0,11.0
2,India national cricket team,38,11,11,0,0,1,1,6,251,2,11.0
1,West Indies cricket team,46,11,10,0,2,0,2,6,261,6,11.0
1,West Indies cricket team,4,11,10,0,2,0,3,6,35,0,11.0
1,West Indies cricket team,18,11,10,0,0,1,1,6,129,0,11.0
2,India national cricket team,40,11,11,0,1,1,3,6,271,2,11.0
1,West Indies cricket team,6,10,10,0,2,0,2,6,48,0,10.0
1,West Indies cricket team,48,10,10,0,0,1,2,6,279,6,10.0
2,India national cricket team,28,10,10,0,2,0,2,6,179,1,10.0
2,India national cricket team,6,9,9,0,0,1,2,6,38,0,9.0
1,West Indies cricket team,49,9,7,0,1,0,3,6,288,6,9.0
2,India national cricket team,39,9,9,0,1,0,2,6,260,2,9.0
1,West Indies cricket team,14,9,9,0,1,0,1,6,104,0,9.0
2,India national cricket team,34,8,8,1,0,1,3,6,225,2,8.0
2,India national cricket team,18,8,8,0,1,0,1,6,115,1,8.0
2,India national cricket team,4,8,7,0,1,0,4,6,22,0,8.0
2,India national cricket team,27,8,8,0,0,1,3,6,169,1,8.0
1,West Indies cricket team,32,8,8,0,1,0,1,6,187,2,8.0
2,India national cricket team,37,8,8,0,0,1,3,6,240,2,8.0
1,West Indies cricket team,47,8,8,0,1,0,1,6,269,6,8.0
1,West Indies cricket team,23,8,8,0,0,0,2,6,150,1,8.0
2,India national cricket team,5,7,7,0,0,1,4,6,29,0,7.0
2,India national cricket team,17,7,7,0,1,0,2,6,107,1,7.0
1,West Indies cricket team,50,7,6,1,0,0,1,6,295,7,7.0
1,West Indies cricket team,10,7,6,0,1,0,3,6,85,0,7.0
1,West Indies cricket team,38,7,7,0,1,0,3,6,206,5,7.0
1,West Indies cricket team,17,7,7,0,1,0,2,6,118,0,7.0
2,India national cricket team,23,7,7,0,1,0,2,6,142,1,7.0
2,India national cricket team,21,7,7,0,1,0,2,6,131,1,7.0
2,India national cricket team,3,7,7,0,1,0,3,6,14,0,7.0
1,West Indies cricket team,28,7,7,0,1,0,2,6,168,1,7.0
2,India national cricket team,10,6,6,0,0,1,5,6,70,0,6.0
2,India national cricket team,13,6,6,0,0,0,1,6,80,1,6.0
2,India national cricket team,20,6,6,0,0,0,1,6,124,1,6.0
1,West Indies cricket team,19,6,6,0,0,0,0,6,135,0,6.0
2,India national cricket team,31,6,6,0,1,0,4,6,202,1,6.0
1,West Indies cricket team,30,6,6,0,0,0,1,6,176,1,6.0
2,India national cricket team,16,5,5,0,0,0,1,6,100,1,5.0
1,West Indies cricket team,3,5,4,0,1,0,5,6,24,0,5.0
1,West Indies cricket team,24,5,5,0,1,0,4,6,155,1,5.0
1,West Indies cricket team,33,5,5,0,0,0,2,6,192,2,5.0
1,West Indies cricket team,44,4,4,0,0,0,2,6,247,5,4.0
2,India national cricket team,11,4,4,0,0,0,2,6,74,0,4.0
2,India national cricket team,24,4,4,0,0,0,2,6,146,1,4.0
1,West Indies cricket team,39,4,4,0,0,0,2,6,210,5,4.0
1,West Indies cricket team,21,4,4,0,0,0,2,6,140,1,4.0
1,West Indies cricket team,16,4,4,0,0,0,2,6,111,0,4.0
2,India national cricket team,22,4,4,0,0,0,2,6,135,1,4.0
1,West Indies cricket team,11,4,4,0,0,0,2,6,89,0,4.0
2,India national cricket team,35,4,3,0,0,0,3,6,229,2,4.0
2,India national cricket team,1,4,4,0,1,0,5,6,4,0,4.0
2,India national cricket team,30,3,3,0,0,0,3,6,196,1,3.0
1,West Indies cricket team,13,3,3,0,0,0,3,6,95,0,3.0
1,West Indies cricket team,12,3,3,0,0,0,3,6,92,0,3.0
2,India national cricket team,26,3,3,0,0,0,3,6,161,1,3.0
1,West Indies cricket team,40,3,3,0,0,0,3,6,213,5,3.0
2,India national cricket team,2,3,3,0,0,0,4,6,7,0,3.0
1,West Indies cricket team,15,3,3,0,0,0,3,6,107,0,3.0
1,West Indies cricket team,41,3,3,0,0,0,3,6,216,5,3.0
1,West Indies cricket team,31,3,3,1,0,0,3,6,179,2,3.0
2,India national cricket team,19,3,3,0,0,0,3,6,118,1,3.0
1,West Indies cricket team,5,3,3,0,0,0,4,6,38,0,3.0
1,West Indies cricket team,45,3,3,1,0,0,3,6,250,6,3.0
2,India national cricket team,15,3,3,0,0,0,3,6,95,1,3.0
1,West Indies cricket team,34,3,3,1,0,0,3,6,195,3,3.0
1,West Indies cricket team,35,3,3,0,0,0,3,6,198,3,3.0
1,West Indies cricket team,26,3,2,0,0,0,4,6,159,1,3.0
2,India national cricket team,7,3,3,0,0,0,4,6,41,0,3.0
2,India national cricket team,36,3,3,0,0,0,3,6,232,2,3.0
1,West Indies cricket team,29,2,2,0,0,0,4,6,170,1,2.0
1,West Indies cricket team,27,2,2,0,0,0,4,6,161,1,2.0
1,West Indies cricket team,8,2,1,0,0,0,5,6,62,0,2.0
1,West Indies cricket team,22,2,2,0,0,0,4,6,142,1,2.0
2,India national cricket team,33,2,1,0,0,0,5,6,217,1,2.0
1,West Indies cricket team,25,1,0,0,0,0,6,6,156,1,1.0
1,West Indies cricket team,37,1,1,0,0,0,5,6,199,5,1.0
1,West Indies cricket team,20,1,1,1,0,0,5,6,136,1,1.0
1,West Indies cricket team,1,1,1,0,0,0,5,6,1,0,1.0
1,West Indies cricket team,36,0,0,2,0,0,6,6,198,5,0.0
2,India national cricket team,12,0,0,1,0,0,6,6,74,1,0.0
