Innings,Batting Team,Over,Runs,Runs_Off_Bat,Wickets,Fours,Sixes,Cumulative Runs
1,West Indies cricket team,1,1,1,0,0,0,1
1,West Indies cricket team,2,18,16,0,4,0,19
1,West Indies cricket team,3,5,4,0,1,0,24
1,West Indies cricket team,4,11,10,0,2,0,35
1,West Indies cricket team,5,3,3,0,0,0,38
1,West Indies cricket team,6,10,10,0,2,0,48
1,West Indies cricket team,7,12,12,0,3,0,60
1,West Indies cricket team,8,2,1,0,0,0,62
1,West Indies cricket team,9,16,16,0,1,2,78
1,West Indies cricket team,10,7,6,0,1,0,85
1,West Indies cricket team,11,4,4,0,0,0,89
1,West Indies cricket team,12,3,3,0,0,0,92
1,West Indies cricket team,13,3,3,0,0,0,95
1,West Indies cricket team,14,9,9,0,1,0,104
1,West Indies cricket team,15,3,3,0,0,0,107
1,West Indies cricket team,16,4,4,0,0,0,111
1,West Indies cricket team,17,7,7,0,1,0,118
1,West Indies cricket team,18,11,10,0,0,1,129
1,West Indies cricket team,19,6,6,0,0,0,135
1,West Indies cricket team,20,1,1,1,0,0,136
1,West Indies cricket team,21,4,4,0,0,0,140
1,West Indies cricket team,22,2,2,0,0,0,142
1,West Indies cricket team,23,8,8,0,0,0,150
1,West Indies cricket team,24,5,5,0,1,0,155
1,West Indies cricket team,25,1,0,0,0,0,156
1,West Indies cricket team,26,3,2,0,0,0,159
1,West Indies cricket team,27,2,2,0,0,0,161
1,West Indies cricket team,28,7,7,0,1,0,168
1,West Indies cricket team,29,2,2,0,0,0,170
1,West Indies cricket team,30,6,6,0,0,0,176
1,West Indies cricket team,31,3,3,1,0,0,179
1,West Indies cricket team,32,8,8,0,1,0,187
1,West Indies cricket team,33,5,5,0,0,0,192
1,West Indies cricket team,34,3,3,1,0,0,195
1,West Indies cricket team,35,3,3,0,0,0,198
1,West Indies cricket team,36,0,0,2,0,0,198
1,West Indies cricket team,37,1,1,0,0,0,199
1,West Indies cricket team,38,7,7,0,1,0,206
1,West Indies cricket team,39,4,4,0,0,0,210
1,West Indies cricket team,40,3,3,0,0,0,213
1,West Indies cricket team,41,3,3,0,0,0,216
1,West Indies cricket team,42,12,12,0,2,0,228
1,West Indies cricket team,43,15,14,0,3,0,243
1,West Indies cricket team,44,4,4,0,0,0,247
1,West Indies cricket team,45,3,3,1,0,0,250
1,West Indies cricket team,46,11,10,0,2,0,261
1,West Indies cricket team,47,8,8,0,1,0,269
1,West Indies cricket team,48,10,10,0,0,1,279
1,West Indies cricket team,49,9,7,0,1,0,288
1,West Indies cricket team,50,7,6,1,0,0,295
2,India national cricket team,1,4,4,0,1,0,4
2,India national cricket team,2,3,3,0,0,0,7
2,India national cricket team,3,7,7,0,1,0,14
2,India national cricket team,4,8,7,0,1,0,22
2,India national cricket team,5,7,7,0,0,1,29
2,India national cricket team,6,9,9,0,0,1,38
2,India national cricket team,7,3,3,0,0,0,41
2,India national cricket team,8,12,12,0,3,0,53
2,India national cricket team,9,11,11,0,1,1,64
2,India national cricket team,10,6,6,0,0,1,70
2,India national cricket team,11,4,4,0,0,0,74
2,India national cricket team,12,0,0,1,0,0,74
2,India national cricket team,13,6,6,0,0,0,80
2,India national cricket team,14,12,12,0,1,1,92
2,India national cricket team,15,3,3,0,0,0,95
2,India national cricket team,16,5,5,0,0,0,100
2,India national cricket team,17,7,7,0,1,0,107
2,India national cricket team,18,8,8,0,1,0,115
2,India national cricket team,19,3,3,0,0,0,118
2,India national cricket team,20,6,6,0,0,0,124
2,India national cricket team,21,7,7,0,1,0,131
2,India national cricket team,22,4,4,0,0,0,135
2,India national cricket team,23,7,7,0,1,0,142
2,India national cricket team,24,4,4,0,0,0,146
2,India national cricket team,25,12,12,0,2,0,158
2,India national cricket team,26,3,3,0,0,0,161
2,India national cricket team,27,8,8,0,0,1,169
2,India national cricket team,28,10,10,0,2,0,179
2,India national cricket team,29,14,14,0,3,0,193
2,India national cricket team,30,3,3,0,0,0,196
2,India national cricket team,31,6,6,0,1,0,202
2,India national cricket team,32,13,13,0,1,1,215
2,India national cricket team,33,2,1,0,0,0,217
2,India national cricket team,34,8,8,1,0,1,225
2,India national cricket team,35,4,3,0,0,0,229
2,India national cricket team,36,3,3,0,0,0,232
2,India national cricket team,37,8,8,0,0,1,240
2,India national cricket team,38,11,11,0,0,1,251
2,India national cricket team,39,9,9,0,1,0,260
2,India national cricket team,40,11,11,0,1,1,271
2,India national cricket team,41,12,12,0,2,0,283
2,India national cricket team,42,17,14,0,0,2,300
