Innings,Bowling Team,Bowler,Phase,Legal_Balls,Runs_Conceded,Wickets,Dot_Balls,Fours,Sixes,Economy,Dot %
1,India national cricket team,Gurnoor Brar,Powerplay 1,24,30,0,13,5,0,7.5,54.17
1,India national cricket team,Gurnoor Brar,Powerplay 2,18,7,0,12,0,0,2.33,66.67
1,India national cricket team,Gurnoor Brar,Powerplay 3,18,23,0,6,2,1,7.67,33.33
1,India national cricket team,Kuldeep Yadav,Powerplay 2,54,36,4,32,2,1,4.0,59.26
1,India national cricket team,Kuldeep Yadav,Powerplay 3,6,4,0,2,0,0,4.0,33.33
1,India national cricket team,Naman Dhir,Powerplay 2,24,21,0,7,1,0,5.25,29.17
1,India national cricket team,Naman Dhir,Powerplay 3,6,12,0,0,2,0,12.0,0.0
1,India national cricket team,Nitish Reddy,Powerplay 1,6,17,0,2,4,0,17.0,33.33
1,India national cricket team,Nitish Reddy,Powerplay 2,18,21,0,4,2,0,7.0,22.22
1,India national cricket team,Nitish Reddy,Powerplay 3,6,7,1,1,0,0,7.0,16.67
1,India national cricket team,Prasidh Krishna,Powerplay 1,24,21,0,17,4,0,5.25,70.83
1,India national cricket team,Prasidh Krishna,Powerplay 2,12,5,1,7,0,0,2.5,58.33
1,India national cricket team,Prasidh Krishna,Powerplay 3,24,34,1,7,5,0,8.5,29.17
1,India national cricket team,Ravindra Jadeja,Powerplay 1,6,16,0,3,1,2,16.0,50.0
1,India national cricket team,Ravindra Jadeja,Powerplay 2,54,38,0,24,1,0,4.22,44.44
2,West Indies cricket team,Alzarri Joseph,Powerplay 1,12,18,0,8,3,1,9.0,66.67
2,West Indies cricket team,Alzarri Joseph,Powerplay 2,36,51,1,17,5,3,8.5,47.22
2,West Indies cricket team,Alzarri Joseph,Powerplay 3,6,12,0,0,2,0,12.0,0.0
2,West Indies cricket team,Gudakesh Motie,Powerplay 1,6,11,0,3,1,1,11.0,50.0
2,West Indies cricket team,Gudakesh Motie,Powerplay 2,54,55,0,17,2,2,6.11,31.48
2,West Indies cricket team,Jayden Seales,Powerplay 1,24,21,0,16,2,1,5.25,66.67
2,West Indies cricket team,Jayden Seales,Powerplay 2,18,11,0,11,1,0,3.67,61.11
2,West Indies cricket team,Keacy Carty,Powerplay 3,4,17,0,0,0,2,25.5,0.0
2,West Indies cricket team,Matthew Forde,Powerplay 1,18,20,0,10,1,1,6.67,55.56
2,West Indies cricket team,Matthew Forde,Powerplay 2,12,19,0,2,3,0,9.5,16.67
2,West Indies cricket team,Roston Chase,Powerplay 2,60,64,1,22,5,2,6.4,36.67
