Venue,Innings,Ball,Actual Delivery,Batting Team,Bowling Team,Striker,Non-Striker,Bowler,Runs,Wicket,Over,Extra,Wides,No-Ball,Leg-Byes,Runs-Off-Bat,4's,6's
"Greenfield Stadium , Thiruvananthapuram",1,0.1,0.1,West Indies cricket team,India national cricket team,John Campbell,Justin Greaves,Prasidh Krishna,0,0,1,0,0,0,0,0,0,0
"Greenfield Stadium , Thiruvananthapuram",1,0.2,0.2,West Indies cricket team,India national cricket team,John Campbell,Justin Greaves,Prasidh Krishna,0,0,1,0,0,0,0,0,0,0
"Greenfield Stadium , Thiruvananthapuram",1,0.3,0.3,West Indies cricket team,India national cricket team,John Campbell,Justin Greaves,Prasidh Krishna,1,0,1,0,0,0,0,1,0,0
"Greenfield Stadium , Thiruvananthapuram",1,0.4,0.4,West Indies cricket team,India national cricket team,Justin Greaves,John Campbell,Prasidh Krishna,0,0,1,0,0,0,0,0,0,0
"Greenfield Stadium , Thiruvananthapuram",1,0.5,0.5,West Indies cricket team,India national cricket team,Justin Greaves,John Campbell,Prasidh Krishna,0,0,1,0,0,0,0,0,0,0
"Greenfield Stadium , Thiruvananthapuram",1,0.6,0.6,West Indies cricket team,India national cricket team,Justin Greaves,John Campbell,Prasidh Krishna,0,0,1,0,0,0,0,0,0,0
"Greenfield Stadium , Thiruvananthapuram",1,1.1,1.1,West Indies cricket team,India national cricket team,John Campbell,Justin Greaves,Nitish Reddy,1,0,2,1,0,0,1,0,0,0
"Greenfield Stadium , Thiruvananthapuram",1,1.2,1.1,West Indies cricket team,India national cricket team,Justin Greaves,John Campbell,Nitish Reddy,5,0,2,1,0,1,0,4,1,0
"Greenfield Stadium , Thiruvananthapuram",1,1.3,1.2,West Indies cricket team,India national cricket team,Justin Greaves,John Campbell,Nitish Reddy,4,0,2,0,0,0,0,4,1,0
"Greenfield Stadium , Thiruvananthapuram",1,1.4,1.3,West Indies cricket team,India national cricket team,Justin Greaves,John Campbell,Nitish Reddy,4,0,2,0,0,0,0,4,1,0
"Greenfield Stadium , Thiruvananthapuram",1,1.5,1.4,West Indies cricket team,India national cricket team,Justin Greaves,John Campbell,Nitish Reddy,0,0,2,0,0,0,0,0,0,0
"Greenfield Stadium , Thiruvananthapuram",1,1.6,1.5,West Indies cricket team,India national cricket team,Justin Greaves,John Campbell,Nitish Reddy,4,0,2,0,0,0,0,4,1,0
"Greenfield Stadium , Thiruvananthapuram",1,1.7,1.6,West Indies cricket team,India national cricket team,Justin Greaves,John Campbell,Nitish Reddy,0,0,2,0,0,0,0,0,0,0
"Greenfield Stadium , Thiruvananthapuram",1,2.1,2.1,West Indies cricket team,India national cricket team,John Campbell,Justin Greaves,Prasidh Krishna,0,0,3,0,0,0,0,0,0,0
"Greenfield Stadium , Thiruvananthapuram",1,2.2,2.2,West Indies cricket team,India national cricket team,John Campbell,Justin Greaves,Prasidh Krishna,0,0,3,0,0,0,0,0,0,0
"Greenfield Stadium , Thiruvananthapuram",1,2.3,2.2,West Indies cricket team,India national cricket team,John Campbell,Justin Greaves,Prasidh Krishna,1,0,3,1,1,0,0,0,0,0
"Greenfield Stadium , Thiruvananthapuram",1,2.4,2.3,West Indies cricket team,India national cricket team,John Campbell,Justin Greaves,Prasidh Krishna,0,0,3,0,0,0,0,0,0,0
"Greenfield Stadium , Thiruvananthapuram",1,2.5,2.4,West Indies cricket team,India national cricket team,John Campbell,Justin Greaves,Prasidh Krishna,0,0,3,0,0,0,0,0,0,0
"Greenfield Stadium , Thiruvananthapuram",1,2.6,2.5,West Indies cricket team,India national cricket team,John Campbell,Justin Greaves,Prasidh Krishna,0,0,3,0,0,0,0,0,0,0
"Greenfield Stadium , Thiruvananthapuram",1,2.7,2.6,West Indies cricket team,India national cricket team,John Campbell,Justin Greaves,Prasidh Krishna,4,0,3,0,0,0,0,4,1,0
"Greenfield Stadium , Thiruvananthapuram",1,3.1,3.1,West Indies cricket team,India national cricket team,Justin Greaves,John Campbell,Gurnoor Brar,0,0,4,0,0,0,0,0,0,0
"Greenfield Stadium , Thiruvananthapuram",1,3.2,3.1,West Indies cricket team,India national cricket team,Justin Greaves,John Campbell,Gurnoor Brar,1,0,4,1,1,0,0,0,0,0
"Greenfield Stadium , Thiruvananthapuram",1,3.3,3.2,West Indies cricket team,India national cricket team,Justin Greaves,John Campbell,Gurnoor Brar,4,0,4,0,0,0,0,4,1,0
"Greenfield Stadium , Thiruvananthapuram",1,3.4,3.3,West Indies cricket team,India national cricket team,Justin Greaves,John Campbell,Gurnoor Brar,2,0,4,0,0,0,0,2,0,0
"Greenfield Stadium , Thiruvananthapuram",1,3.5,3.4,West Indies cricket team,India national cricket team,Justin Greaves,John Campbell,Gurnoor Brar,0,0,4,0,0,0,0,0,0,0
"Greenfield Stadium , Thiruvananthapuram",1,3.6,3.5,West Indies cricket team,India national cricket team,Justin Greaves,John Campbell,Gurnoor Brar,0,0,4,0,0,0,0,0,0,0
"Greenfield Stadium , Thiruvananthapuram",1,3.7,3.6,West Indies cricket team,India national cricket team,Justin Greaves,John Campbell,Gurnoor Brar,4,0,4,0,0,0,0,4,1,0
"Greenfield Stadium , Thiruvananthapuram",1,4.1,4.1,West Indies cricket team,India national cricket team,John Campbell,Justin Greaves,Prasidh Krishna,1,0,5,0,0,0,0,1,0,0
"Greenfield Stadium , Thiruvananthapuram",1,4.2,4.2,West Indies cricket team,India national cricket team,Justin Greaves,John Campbell,Prasidh Krishna,2,0,5,0,0,0,0,2,0,0
"Greenfield Stadium , Thiruvananthapuram",1,4.3,4.3,West Indies cricket team,India national cricket team,Justin Greaves,John Campbell,Prasidh Krishna,0,0,5,0,0,0,0,0,0,0
"Greenfield Stadium , Thiruvananthapuram",1,4.4,4.4,West Indies cricket team,India national cricket team,Justin Greaves,John Campbell,Prasidh Krishna,0,0,5,0,0,0,0,0,0,0
"Greenfield Stadium , Thiruvananthapuram",1,4.5,4.5,West Indies cricket team,India national cricket team,Justin Greaves,John Campbell,Prasidh Krishna,0,0,5,0,0,0,0,0,0,0
"Greenfield Stadium , Thiruvananthapuram",1,4.6,4.6,West Indies cricket team,India national cricket team,Justin Greaves,John Campbell,Prasidh Krishna,0,0,5,0,0,0,0,0,0,0
"Greenfield Stadium , Thiruvananthapuram",1,5.1,5.1,West Indies cricket team,India national cricket team,John Campbell,Justin Greaves,Gurnoor Brar,0,0,6,0,0,0,0,0,0,0
"Greenfield Stadium , Thiruvananthapuram",1,5.2,5.2,West Indies cricket team,India national cricket team,John Campbell,Justin Greaves,Gurnoor Brar,4,0,6,0,0,0,0,4,1,0
"Greenfield Stadium , Thiruvananthapuram",1,5.3,5.3,West Indies cricket team,India national cricket team,John Campbell,Justin Greaves,Gurnoor Brar,1,0,6,0,0,0,0,1,0,0
"Greenfield Stadium , Thiruvananthapuram",1,5.4,5.4,West Indies cricket team,India national cricket team,Justin Greaves,John Campbell,Gurnoor Brar,1,0,6,0,0,0,0,1,0,0
"Greenfield Stadium , Thiruvananthapuram",1,5.5,5.5,West Indies cricket team,India national cricket team,John Campbell,Justin Greaves,Gurnoor Brar,4,0,6,0,0,0,0,4,1,0
"Greenfield Stadium , Thiruvananthapuram",1,5.6,5.6,West Indies cricket team,India national cricket team,John Campbell,Justin Greaves,Gurnoor Brar,0,0,6,0,0,0,0,0,0,0
"Greenfield Stadium , Thiruvananthapuram",1,6.1,6.1,West Indies cricket team,India national cricket team,Justin Greaves,John Campbell,Prasidh Krishna,4,0,7,0,0,0,0,4,1,0
"Greenfield Stadium , Thiruvananthapuram",1,6.2,6.2,West Indies cricket team,India national cricket team,Justin Greaves,John Campbell,Prasidh Krishna,0,0,7,0,0,0,0,0,0,0
"Greenfield Stadium , Thiruvananthapuram",1,6.3,6.3,West Indies cricket team,India national cricket team,Justin Greaves,John Campbell,Prasidh Krishna,0,0,7,0,0,0,0,0,0,0
"Greenfield Stadium , Thiruvananthapuram",1,6.4,6.4,West Indies cricket team,India national cricket team,Justin Greaves,John Campbell,Prasidh Krishna,4,0,7,0,0,0,0,4,1,0
"Greenfield Stadium , Thiruvananthapuram",1,6.5,6.5,West Indies cricket team,India national cricket team,Justin Greaves,John Campbell,Prasidh Krishna,0,0,7,0,0,0,0,0,0,0
"Greenfield Stadium , Thiruvananthapuram",1,6.6,6.6,West Indies cricket team,India national cricket team,Justin Greaves,John Campbell,Prasidh Krishna,4,0,7,0,0,0,0,4,1,0
"Greenfield Stadium , Thiruvananthapuram",1,7.1,7.1,West Indies cricket team,India national cricket team,John Campbell,Justin Greaves,Gurnoor Brar,0,0,8,0,0,0,0,0,0,0
"Greenfield Stadium , Thiruvananthapuram",1,7.2,7.2,West Indies cricket team,India national cricket team,John Campbell,Justin Greaves,Gurnoor Brar,0,0,8,0,0,0,0,0,0,0
"Greenfield Stadium , Thiruvananthapuram",1,7.3,7.2,West Indies cricket team,India national cricket team,John Campbell,Justin Greaves,Gurnoor Brar,1,0,8,1,1,0,0,0,0,0
"Greenfield Stadium , Thiruvananthapuram",1,7.4,7.3,West Indies cricket team,India national cricket team,John Campbell,Justin Greaves,Gurnoor Brar,1,0,8,0,0,0,0,1,0,0
"Greenfield Stadium , Thiruvananthapuram",1,7.5,7.4,West Indies cricket team,India national cricket team,Justin Greaves,John Campbell,Gurnoor Brar,0,0,8,0,0,0,0,0,0,0
"Greenfield Stadium , Thiruvananthapuram",1,7.6,7.5,West Indies cricket team,India national cricket team,Justin Greaves,John Campbell,Gurnoor Brar,0,0,8,0,0,0,0,0,0,0
"Greenfield Stadium , Thiruvananthapuram",1,7.7,7.6,West Indies cricket team,India national cricket team,Justin Greaves,John Campbell,Gurnoor Brar,0,0,8,0,0,0,0,0,0,0
"Greenfield Stadium , Thiruvananthapuram",1,8.1,8.1,West Indies cricket team,India national cricket team,John Campbell,Justin Greaves,Ravindra Jadeja,0,0,9,0,0,0,0,0,0,0
"Greenfield Stadium , Thiruvananthapuram",1,8.2,8.2,West Indies cricket team,India national cricket team,John Campbell,Justin Greaves,Ravindra Jadeja,0,0,9,0,0,0,0,0,0,0
"Greenfield Stadium , Thiruvananthapuram",1,8.3,8.3,West Indies cricket team,India national cricket team,John Campbell,Justin Greaves,Ravindra Jadeja,4,0,9,0,0,0,0,4,1,0
"Greenfield Stadium , Thiruvananthapuram",1,8.4,8.4,West Indies cricket team,India national cricket team,John Campbell,Justin Greaves,Ravindra Jadeja,0,0,9,0,0,0,0,0,0,0
"Greenfield Stadium , Thiruvananthapuram",1,8.5,8.5,West Indies cricket team,India national cricket team,John Campbell,Justin Greaves,Ravindra Jadeja,6,0,9,0,0,0,0,6,0,1
"Greenfield Stadium , Thiruvananthapuram",1,8.6,8.6,West Indies cricket team,India national cricket team,John Campbell,Justin Greaves,Ravindra Jadeja,6,0,9,0,0,0,0,6,0,1
"Greenfield Stadium , Thiruvananthapuram",1,9.1,9.1,West Indies cricket team,India national cricket team,Justin Greaves,John Campbell,Gurnoor Brar,0,0,10,0,0,0,0,0,0,0
"Greenfield Stadium , Thiruvananthapuram",1,9.2,9.2,West Indies cricket team,India national cricket team,Justin Greaves,John Campbell,Gurnoor Brar,1,0,10,0,0,0,0,1,0,0
"Greenfield Stadium , Thiruvananthapuram",1,9.3,9.3,West Indies cricket team,India national cricket team,John Campbell,Justin Greaves,Gurnoor Brar,0,0,10,0,0,0,0,0,0,0
"Greenfield Stadium , Thiruvananthapuram",1,9.4,9.4,West Indies cricket team,India national cricket team,John Campbell,Justin Greaves,Gurnoor Brar,4,0,10,0,0,0,0,4,1,0
"Greenfield Stadium , Thiruvananthapuram",1,9.5,9.4,West Indies cricket team,India national cricket team,John Campbell,Justin Greaves,Gurnoor Brar,1,0,10,1,1,0,0,0,0,0
"Greenfield Stadium , Thiruvananthapuram",1,9.6,9.5,West Indies cricket team,India national cricket team,John Campbell,Justin Greaves,Gurnoor Brar,0,0,10,0,0,0,0,0,0,0
"Greenfield Stadium , Thiruvananthapuram",1,9.7,9.6,West Indies cricket team,India national cricket team,John Campbell,Justin Greaves,Gurnoor Brar,1,0,10,0,0,0,0,1,0,0
"Greenfield Stadium , Thiruvananthapuram",1,10.1,10.1,West Indies cricket team,India national cricket team,John Campbell,Justin Greaves,Ravindra Jadeja,1,0,11,0,0,0,0,1,0,0
"Greenfield Stadium , Thiruvananthapuram",1,10.2,10.2,West Indies cricket team,India national cricket team,Justin Greaves,John Campbell,Ravindra Jadeja,1,0,11,0,0,0,0,1,0,0
"Greenfield Stadium , Thiruvananthapuram",1,10.3,10.3,West Indies cricket team,India national cricket team,John Campbell,Justin Greaves,Ravindra Jadeja,1,0,11,0,0,0,0,1,0,0
"Greenfield Stadium , Thiruvananthapuram",1,10.4,10.4,West Indies cricket team,India national cricket team,Justin Greaves,John Campbell,Ravindra Jadeja,0,0,11,0,0,0,0,0,0,0
"Greenfield Stadium , Thiruvananthapuram",1,10.5,10.5,West Indies cricket team,India national cricket team,Justin Greaves,John Campbell,Ravindra Jadeja,0,0,11,0,0,0,0,0,0,0
"Greenfield Stadium , Thiruvananthapuram",1,10.6,10.6,West Indies cricket team,India national cricket team,Justin Greaves,John Campbell,Ravindra Jadeja,1,0,11,0,0,0,0,1,0,0
"Greenfield Stadium , Thiruvananthapuram",1,11.1,11.1,West Indies cricket team,India national cricket team,Justin Greaves,John Campbell,Naman Dhir,1,0,12,0,0,0,0,1,0,0
"Greenfield Stadium , Thiruvananthapuram",1,11.2,11.2,West Indies cricket team,India national cricket team,John Campbell,Justin Greaves,Naman Dhir,0,0,12,0,0,0,0,0,0,0
"Greenfield Stadium , Thiruvananthapuram",1,11.3,11.3,West Indies cricket team,India national cricket team,John Campbell,Justin Greaves,Naman Dhir,0,0,12,0,0,0,0,0,0,0
"Greenfield Stadium , Thiruvananthapuram",1,11.4,11.4,West Indies cricket team,India national cricket team,John Campbell,Justin Greaves,Naman Dhir,0,0,12,0,0,0,0,0,0,0
"Greenfield Stadium , Thiruvananthapuram",1,11.5,11.5,West Indies cricket team,India national cricket team,John Campbell,Justin Greaves,Naman Dhir,1,0,12,0,0,0,0,1,0,0
"Greenfield Stadium , Thiruvananthapuram",1,11.6,11.6,West Indies cricket team,India national cricket team,Justin Greaves,John Campbell,Naman Dhir,1,0,12,0,0,0,0,1,0,0
"Greenfield Stadium , Thiruvananthapuram",1,12.1,12.1,West Indies cricket team,India national cricket team,Justin Greaves,John Campbell,Ravindra Jadeja,1,0,13,0,0,0,0,1,0,0
"Greenfield Stadium , Thiruvananthapuram",1,12.2,12.2,West Indies cricket team,India national cricket team,John Campbell,Justin Greaves,Ravindra Jadeja,0,0,13,0,0,0,0,0,0,0
"Greenfield Stadium , Thiruvananthapuram",1,12.3,12.3,West Indies cricket team,India national cricket team,John Campbell,Justin Greaves,Ravindra Jadeja,0,0,13,0,0,0,0,0,0,0
"Greenfield Stadium , Thiruvananthapuram",1,12.4,12.4,West Indies cricket team,India national cricket team,John Campbell,Justin Greaves,Ravindra Jadeja,0,0,13,0,0,0,0,0,0,0
"Greenfield Stadium , Thiruvananthapuram",1,12.5,12.5,West Indies cricket team,India national cricket team,John Campbell,Justin Greaves,Ravindra Jadeja,1,0,13,0,0,0,0,1,0,0
"Greenfield Stadium , Thiruvananthapuram",1,12.6,12.6,West Indies cricket team,India national cricket team,Justin Greaves,John Campbell,Ravindra Jadeja,1,0,13,0,0,0,0,1,0,0
"Greenfield Stadium , Thiruvananthapuram",1,13.1,13.1,West Indies cricket team,India national cricket team,Justin Greaves,John Campbell,Naman Dhir,1,0,14,0,0,0,0,1,0,0
"Greenfield Stadium , Thiruvananthapuram",1,13.2,13.2,West Indies cricket team,India national cricket team,John Campbell,Justin Greaves,Naman Dhir,1,0,14,0,0,0,0,1,0,0
"Greenfield Stadium , Thiruvananthapuram",1,13.3,13.3,West Indies cricket team,India national cricket team,Justin Greaves,John Campbell,Naman Dhir,4,0,14,0,0,0,0,4,1,0
"Greenfield Stadium , Thiruvananthapuram",1,13.4,13.4,West Indies cricket team,India national cricket team,Justin Greaves,John Campbell,Naman Dhir,2,0,14,0,0,0,0,2,0,0
"Greenfield Stadium , Thiruvananthapuram",1,13.5,13.5,West Indies cricket team,India national cricket team,Justin Greaves,John Campbell,Naman Dhir,1,0,14,0,0,0,0,1,0,0
"Greenfield Stadium , Thiruvananthapuram",1,13.6,13.6,West Indies cricket team,India national cricket team,John Campbell,Justin Greaves,Naman Dhir,0,0,14,0,0,0,0,0,0,0
"Greenfield Stadium , Thiruvananthapuram",1,14.1,14.1,West Indies cricket team,India national cricket team,Justin Greaves,John Campbell,Ravindra Jadeja,1,0,15,0,0,0,0,1,0,0
"Greenfield Stadium , Thiruvananthapuram",1,14.2,14.2,West Indies cricket team,India national cricket team,John Campbell,Justin Greaves,Ravindra Jadeja,0,0,15,0,0,0,0,0,0,0
"Greenfield Stadium , Thiruvananthapuram",1,14.3,14.3,West Indies cricket team,India national cricket team,John Campbell,Justin Greaves,Ravindra Jadeja,0,0,15,0,0,0,0,0,0,0
"Greenfield Stadium , Thiruvananthapuram",1,14.4,14.4,West Indies cricket team,India national cricket team,John Campbell,Justin Greaves,Ravindra Jadeja,1,0,15,0,0,0,0,1,0,0
"Greenfield Stadium , Thiruvananthapuram",1,14.5,14.5,West Indies cricket team,India national cricket team,Justin Greaves,John Campbell,Ravindra Jadeja,1,0,15,0,0,0,0,1,0,0
"Greenfield Stadium , Thiruvananthapuram",1,14.6,14.6,West Indies cricket team,India national cricket team,John Campbell,Justin Greaves,Ravindra Jadeja,0,0,15,0,0,0,0,0,0,0
"Greenfield Stadium , Thiruvananthapuram",1,15.1,15.1,West Indies cricket team,India national cricket team,Justin Greaves,John Campbell,Kuldeep Yadav,0,0,16,0,0,0,0,0,0,0
"Greenfield Stadium , Thiruvananthapuram",1,15.2,15.2,West Indies cricket team,India national cricket team,Justin Greaves,John Campbell,Kuldeep Yadav,1,0,16,0,0,0,0,1,0,0
"Greenfield Stadium , Thiruvananthapuram",1,15.3,15.3,West Indies cricket team,India national cricket team,John Campbell,Justin Greaves,Kuldeep Yadav,1,0,16,0,0,0,0,1,0,0
"Greenfield Stadium , Thiruvananthapuram",1,15.4,15.4,West Indies cricket team,India national cricket team,Justin Greaves,John Campbell,Kuldeep Yadav,1,0,16,0,0,0,0,1,0,0
"Greenfield Stadium , Thiruvananthapuram",1,15.5,15.5,West Indies cricket team,India national cricket team,John Campbell,Justin Greaves,Kuldeep Yadav,1,0,16,0,0,0,0,1,0,0
"Greenfield Stadium , Thiruvananthapuram",1,15.6,15.6,West Indies cricket team,India national cricket team,Justin Greaves,John Campbell,Kuldeep Yadav,0,0,16,0,0,0,0,0,0,0
"Greenfield Stadium , Thiruvananthapuram",1,16.1,16.1,West Indies cricket team,India national cricket team,John Campbell,Justin Greaves,Ravindra Jadeja,4,0,17,0,0,0,0,4,1,0
"Greenfield Stadium , Thiruvananthapuram",1,16.2,16.2,West Indies cricket team,India national cricket team,John Campbell,Justin Greaves,Ravindra Jadeja,1,0,17,0,0,0,0,1,0,0
"Greenfield Stadium , Thiruvananthapuram",1,16.3,16.3,West Indies cricket team,India national cricket team,Justin Greaves,John Campbell,Ravindra Jadeja,0,0,17,0,0,0,0,0,0,0
"Greenfield Stadium , Thiruvananthapuram",1,16.4,16.4,West Indies cricket team,India national cricket team,Justin Greaves,John Campbell,Ravindra Jadeja,1,0,17,0,0,0,0,1,0,0
"Greenfield Stadium , Thiruvananthapuram",1,16.5,16.5,West Indies cricket team,India national cricket team,John Campbell,Justin Greaves,Ravindra Jadeja,0,0,17,0,0,0,0,0,0,0
"Greenfield Stadium , Thiruvananthapuram",1,16.6,16.6,West Indies cricket team,India national cricket team,John Campbell,Justin Greaves,Ravindra Jadeja,1,0,17,0,0,0,0,1,0,0
"Greenfield Stadium , Thiruvananthapuram",1,17.1,17.1,West Indies cricket team,India national cricket team,John Campbell,Justin Greaves,Kuldeep Yadav,6,0,18,0,0,0,0,6,0,1
"Greenfield Stadium , Thiruvananthapuram",1,17.2,17.2,West Indies cricket team,India national cricket team,John Campbell,Justin Greaves,Kuldeep Yadav,0,0,18,0,0,0,0,0,0,0
"Greenfield Stadium , Thiruvananthapuram",1,17.3,17.3,West Indies cricket team,India national cricket team,John Campbell,Justin Greaves,Kuldeep Yadav,1,0,18,0,0,0,0,1,0,0
"Greenfield Stadium , Thiruvananthapuram",1,17.4,17.4,West Indies cricket team,India national cricket team,Justin Greaves,John Campbell,Kuldeep Yadav,1,0,18,0,0,0,0,1,0,0
"Greenfield Stadium , Thiruvananthapuram",1,17.5,17.4,West Indies cricket team,India national cricket team,John Campbell,Justin Greaves,Kuldeep Yadav,1,0,18,1,1,0,0,0,0,0
"Greenfield Stadium , Thiruvananthapuram",1,17.6,17.5,West Indies cricket team,India national cricket team,John Campbell,Justin Greaves,Kuldeep Yadav,1,0,18,0,0,0,0,1,0,0
"Greenfield Stadium , Thiruvananthapuram",1,17.7,17.6,West Indies cricket team,India national cricket team,Justin Greaves,John Campbell,Kuldeep Yadav,1,0,18,0,0,0,0,1,0,0
"Greenfield Stadium , Thiruvananthapuram",1,18.1,18.1,West Indies cricket team,India national cricket team,Justin Greaves,John Campbell,Naman Dhir,1,0,19,0,0,0,0,1,0,0
"Greenfield Stadium , Thiruvananthapuram",1,18.2,18.2,West Indies cricket team,India national cricket team,John Campbell,Justin Greaves,Naman Dhir,1,0,19,0,0,0,0,1,0,0
"Greenfield Stadium , Thiruvananthapuram",1,18.3,18.3,West Indies cricket team,India national cricket team,Justin Greaves,John Campbell,Naman Dhir,1,0,19,0,0,0,0,1,0,0
"Greenfield Stadium , Thiruvananthapuram",1,18.4,18.4,West Indies cricket team,India national cricket team,John Campbell,Justin Greaves,Naman Dhir,1,0,19,0,0,0,0,1,0,0
"Greenfield Stadium , Thiruvananthapuram",1,18.5,18.5,West Indies cricket team,India national cricket team,Justin Greaves,John Campbell,Naman Dhir,1,0,19,0,0,0,0,1,0,0
"Greenfield Stadium , Thiruvananthapuram",1,18.6,18.6,West Indies cricket team,India national cricket team,John Campbell,Justin Greaves,Naman Dhir,1,0,19,0,0,0,0,1,0,0
"Greenfield Stadium , Thiruvananthapuram",1,19.1,19.1,West Indies cricket team,India national cricket team,John Campbell,Justin Greaves,Kuldeep Yadav,0,0,20,0,0,0,0,0,0,0
"Greenfield Stadium , Thiruvananthapuram",1,19.2,19.2,West Indies cricket team,India national cricket team,John Campbell,Justin Greaves,Kuldeep Yadav,0,1,20,0,0,0,0,0,0,0
"Greenfield Stadium , Thiruvananthapuram",1,19.3,19.3,West Indies cricket team,India national cricket team,Keacy Carty,Justin Greaves,Kuldeep Yadav,0,0,20,0,0,0,0,0,0,0
"Greenfield Stadium , Thiruvananthapuram",1,19.4,19.4,West Indies cricket team,India national cricket team,Keacy Carty,Justin Greaves,Kuldeep Yadav,1,0,20,0,0,0,0,1,0,0
"Greenfield Stadium , Thiruvananthapuram",1,19.5,19.5,West Indies cricket team,India national cricket team,Justin Greaves,Keacy Carty,Kuldeep Yadav,0,0,20,0,0,0,0,0,0,0
"Greenfield Stadium , Thiruvananthapuram",1,19.6,19.6,West Indies cricket team,India national cricket team,Justin Greaves,Keacy Carty,Kuldeep Yadav,0,0,20,0,0,0,0,0,0,0
"Greenfield Stadium , Thiruvananthapuram",1,20.1,20.1,West Indies cricket team,India national cricket team,Keacy Carty,Justin Greaves,Ravindra Jadeja,0,0,21,0,0,0,0,0,0,0
"Greenfield Stadium , Thiruvananthapuram",1,20.2,20.2,West Indies cricket team,India national cricket team,Keacy Carty,Justin Greaves,Ravindra Jadeja,1,0,21,0,0,0,0,1,0,0
"Greenfield Stadium , Thiruvananthapuram",1,20.3,20.3,West Indies cricket team,India national cricket team,Justin Greaves,Keacy Carty,Ravindra Jadeja,0,0,21,0,0,0,0,0,0,0
"Greenfield Stadium , Thiruvananthapuram",1,20.4,20.4,West Indies cricket team,India national cricket team,Justin Greaves,Keacy Carty,Ravindra Jadeja,1,0,21,0,0,0,0,1,0,0
"Greenfield Stadium , Thiruvananthapuram",1,20.5,20.5,West Indies cricket team,India national cricket team,Keacy Carty,Justin Greaves,Ravindra Jadeja,1,0,21,0,0,0,0,1,0,0
"Greenfield Stadium , Thiruvananthapuram",1,20.6,20.6,West Indies cricket team,India national cricket team,Justin Greaves,Keacy Carty,Ravindra Jadeja,1,0,21,0,0,0,0,1,0,0
"Greenfield Stadium , Thiruvananthapuram",1,21.1,21.1,West Indies cricket team,India national cricket team,Justin Greaves,Keacy Carty,Kuldeep Yadav,1,0,22,0,0,0,0,1,0,0
"Greenfield Stadium , Thiruvananthapuram",1,21.2,21.2,West Indies cricket team,India national cricket team,Keacy Carty,Justin Greaves,Kuldeep Yadav,0,0,22,0,0,0,0,0,0,0
"Greenfield Stadium , Thiruvananthapuram",1,21.3,21.3,West Indies cricket team,India national cricket team,Keacy Carty,Justin Greaves,Kuldeep Yadav,0,0,22,0,0,0,0,0,0,0
"Greenfield Stadium , Thiruvananthapuram",1,21.4,21.4,West Indies cricket team,India national cricket team,Keacy Carty,Justin Greaves,Kuldeep Yadav,0,0,22,0,0,0,0,0,0,0
"Greenfield Stadium , Thiruvananthapuram",1,21.5,21.5,West Indies cricket team,India national cricket team,Keacy Carty,Justin Greaves,Kuldeep Yadav,1,0,22,0,0,0,0,1,0,0
"Greenfield Stadium , Thiruvananthapuram",1,21.6,21.6,West Indies cricket team,India national cricket team,Justin Greaves,Keacy Carty,Kuldeep Yadav,0,0,22,0,0,0,0,0,0,0
"Greenfield Stadium , Thiruvananthapuram",1,22.1,22.1,West Indies cricket team,India national cricket team,Keacy Carty,Justin Greaves,Ravindra Jadeja,1,0,23,0,0,0,0,1,0,0
"Greenfield Stadium , Thiruvananthapuram",1,22.2,22.2,West Indies cricket team,India national cricket team,Justin Greaves,Keacy Carty,Ravindra Jadeja,5,0,23,0,0,0,0,5,0,0
"Greenfield Stadium , Thiruvananthapuram",1,22.3,22.3,West Indies cricket team,India national cricket team,Keacy Carty,Justin Greaves,Ravindra Jadeja,1,0,23,0,0,0,0,1,0,0
"Greenfield Stadium , Thiruvananthapuram",1,22.4,22.4,West Indies cricket team,India national cricket team,Justin Greaves,Keacy Carty,Ravindra Jadeja,1,0,23,0,0,0,0,1,0,0
"Greenfield Stadium , Thiruvananthapuram",1,22.5,22.5,West Indies cricket team,India national cricket team,Keacy Carty,Justin Greaves,Ravindra Jadeja,0,0,23,0,0,0,0,0,0,0
"Greenfield Stadium , Thiruvananthapuram",1,22.6,22.6,West Indies cricket team,India national cricket team,Keacy Carty,Justin Greaves,Ravindra Jadeja,0,0,23,0,0,0,0,0,0,0
"Greenfield Stadium , Thiruvananthapuram",1,23.1,23.1,West Indies cricket team,India national cricket team,Justin Greaves,Keacy Carty,Kuldeep Yadav,0,0,24,0,0,0,0,0,0,0
"Greenfield Stadium , Thiruvananthapuram",1,23.2,23.2,West Indies cricket team,India national cricket team,Justin Greaves,Keacy Carty,Kuldeep Yadav,4,0,24,0,0,0,0,4,1,0
"Greenfield Stadium , Thiruvananthapuram",1,23.3,23.3,West Indies cricket team,India national cricket team,Justin Greaves,Keacy Carty,Kuldeep Yadav,0,0,24,0,0,0,0,0,0,0
"Greenfield Stadium , Thiruvananthapuram",1,23.4,23.4,West Indies cricket team,India national cricket team,Justin Greaves,Keacy Carty,Kuldeep Yadav,0,0,24,0,0,0,0,0,0,0
"Greenfield Stadium , Thiruvananthapuram",1,23.5,23.5,West Indies cricket team,India national cricket team,Justin Greaves,Keacy Carty,Kuldeep Yadav,1,0,24,0,0,0,0,1,0,0
"Greenfield Stadium , Thiruvananthapuram",1,23.6,23.6,West Indies cricket team,India national cricket team,Keacy Carty,Justin Greaves,Kuldeep Yadav,0,0,24,0,0,0,0,0,0,0
"Greenfield Stadium , Thiruvananthapuram",1,24.1,24.1,West Indies cricket team,India national cricket team,Justin Greaves,Keacy Carty,Gurnoor Brar,0,0,25,0,0,0,0,0,0,0
"Greenfield Stadium , Thiruvananthapuram",1,24.2,24.2,West Indies cricket team,India national cricket team,Justin Greaves,Keacy Carty,Gurnoor Brar,0,0,25,0,0,0,0,0,0,0
"Greenfield Stadium , Thiruvananthapuram",1,24.3,24.3,West Indies cricket team,India national cricket team,Justin Greaves,Keacy Carty,Gurnoor Brar,0,0,25,0,0,0,0,0,0,0
"Greenfield Stadium , Thiruvananthapuram",1,24.4,24.3,West Indies cricket team,India national cricket team,Justin Greaves,Keacy Carty,Gurnoor Brar,1,0,25,1,1,0,0,0,0,0
"Greenfield Stadium , Thiruvananthapuram",1,24.5,24.4,West Indies cricket team,India national cricket team,Justin Greaves,Keacy Carty,Gurnoor Brar,0,0,25,0,0,0,0,0,0,0
"Greenfield Stadium , Thiruvananthapuram",1,24.6,24.5,West Indies cricket team,India national cricket team,Justin Greaves,Keacy Carty,Gurnoor Brar,0,0,25,0,0,0,0,0,0,0
"Greenfield Stadium , Thiruvananthapuram",1,24.7,24.6,West Indies cricket team,India national cricket team,Justin Greaves,Keacy Carty,Gurnoor Brar,0,0,25,0,0,0,0,0,0,0
"Greenfield Stadium , Thiruvananthapuram",1,25.1,25.1,West Indies cricket team,India national cricket team,Keacy Carty,Justin Greaves,Kuldeep Yadav,1,0,26,0,0,0,0,1,0,0
"Greenfield Stadium , Thiruvananthapuram",1,25.2,25.1,West Indies cricket team,India national cricket team,Justin Greaves,Keacy Carty,Kuldeep Yadav,1,0,26,1,1,0,0,0,0,0
"Greenfield Stadium , Thiruvananthapuram",1,25.3,25.2,West Indies cricket team,India national cricket team,Justin Greaves,Keacy Carty,Kuldeep Yadav,0,0,26,0,0,0,0,0,0,0
"Greenfield Stadium , Thiruvananthapuram",1,25.4,25.3,West Indies cricket team,India national cricket team,Justin Greaves,Keacy Carty,Kuldeep Yadav,0,0,26,0,0,0,0,0,0,0
"Greenfield Stadium , Thiruvananthapuram",1,25.5,25.4,West Indies cricket team,India national cricket team,Justin Greaves,Keacy Carty,Kuldeep Yadav,1,0,26,0,0,0,0,1,0,0
"Greenfield Stadium , Thiruvananthapuram",1,25.6,25.5,West Indies cricket team,India national cricket team,Keacy Carty,Justin Greaves,Kuldeep Yadav,0,0,26,0,0,0,0,0,0,0
"Greenfield Stadium , Thiruvananthapuram",1,25.7,25.6,West Indies cricket team,India national cricket team,Keacy Carty,Justin Greaves,Kuldeep Yadav,0,0,26,0,0,0,0,0,0,0
"Greenfield Stadium , Thiruvananthapuram",1,26.1,26.1,West Indies cricket team,India national cricket team,Justin Greaves,Keacy Carty,Gurnoor Brar,1,0,27,0,0,0,0,1,0,0
"Greenfield Stadium , Thiruvananthapuram",1,26.2,26.2,West Indies cricket team,India national cricket team,Keacy Carty,Justin Greaves,Gurnoor Brar,0,0,27,0,0,0,0,0,0,0
"Greenfield Stadium , Thiruvananthapuram",1,26.3,26.3,West Indies cricket team,India national cricket team,Keacy Carty,Justin Greaves,Gurnoor Brar,0,0,27,0,0,0,0,0,0,0
"Greenfield Stadium , Thiruvananthapuram",1,26.4,26.4,West Indies cricket team,India national cricket team,Keacy Carty,Justin Greaves,Gurnoor Brar,0,0,27,0,0,0,0,0,0,0
"Greenfield Stadium , Thiruvananthapuram",1,26.5,26.5,West Indies cricket team,India national cricket team,Keacy Carty,Justin Greaves,Gurnoor Brar,0,0,27,0,0,0,0,0,0,0
"Greenfield Stadium , Thiruvananthapuram",1,26.6,26.6,West Indies cricket team,India national cricket team,Keacy Carty,Justin Greaves,Gurnoor Brar,1,0,27,0,0,0,0,1,0,0
"Greenfield Stadium , Thiruvananthapuram",1,27.1,27.1,West Indies cricket team,India national cricket team,Keacy Carty,Justin Greaves,Nitish Reddy,1,0,28,0,0,0,0,1,0,0
"Greenfield Stadium , Thiruvananthapuram",1,27.2,27.2,West Indies cricket team,India national cricket team,Justin Greaves,Keacy Carty,Nitish Reddy,1,0,28,0,0,0,0,1,0,0
"Greenfield Stadium , Thiruvananthapuram",1,27.3,27.3,West Indies cricket team,India national cricket team,Keacy Carty,Justin Greaves,Nitish Reddy,1,0,28,0,0,0,0,1,0,0
"Greenfield Stadium , Thiruvananthapuram",1,27.4,27.4,West Indies cricket team,India national cricket team,Justin Greaves,Keacy Carty,Nitish Reddy,0,0,28,0,0,0,0,0,0,0
"Greenfield Stadium , Thiruvananthapuram",1,27.5,27.5,West Indies cricket team,India national cricket team,Justin Greaves,Keacy Carty,Nitish Reddy,4,0,28,0,0,0,0,4,1,0
"Greenfield Stadium , Thiruvananthapuram",1,27.6,27.6,West Indies cricket team,India national cricket team,Justin Greaves,Keacy Carty,Nitish Reddy,0,0,28,0,0,0,0,0,0,0
"Greenfield Stadium , Thiruvananthapuram",1,28.1,28.1,West Indies cricket team,India national cricket team,Keacy Carty,Justin Greaves,Prasidh Krishna,0,0,29,0,0,0,0,0,0,0
"Greenfield Stadium , Thiruvananthapuram",1,28.2,28.2,West Indies cricket team,India national cricket team,Keacy Carty,Justin Greaves,Prasidh Krishna,0,0,29,0,0,0,0,0,0,0
"Greenfield Stadium , Thiruvananthapuram",1,28.3,28.3,West Indies cricket team,India national cricket team,Keacy Carty,Justin Greaves,Prasidh Krishna,1,0,29,0,0,0,0,1,0,0
"Greenfield Stadium , Thiruvananthapuram",1,28.4,28.4,West Indies cricket team,India national cricket team,Justin Greaves,Keacy Carty,Prasidh Krishna,0,0,29,0,0,0,0,0,0,0
"Greenfield Stadium , Thiruvananthapuram",1,28.5,28.5,West Indies cricket team,India national cricket team,Justin Greaves,Keacy Carty,Prasidh Krishna,0,0,29,0,0,0,0,0,0,0
"Greenfield Stadium , Thiruvananthapuram",1,28.6,28.6,West Indies cricket team,India national cricket team,Justin Greaves,Keacy Carty,Prasidh Krishna,1,0,29,0,0,0,0,1,0,0
"Greenfield Stadium , Thiruvananthapuram",1,29.1,29.1,West Indies cricket team,India national cricket team,Justin Greaves,Keacy Carty,Nitish Reddy,1,0,30,0,0,0,0,1,0,0
"Greenfield Stadium , Thiruvananthapuram",1,29.2,29.2,West Indies cricket team,India national cricket team,Keacy Carty,Justin Greaves,Nitish Reddy,1,0,30,0,0,0,0,1,0,0
"Greenfield Stadium , Thiruvananthapuram",1,29.3,29.3,West Indies cricket team,India national cricket team,Justin Greaves,Keacy Carty,Nitish Reddy,2,0,30,0,0,0,0,2,0,0
"Greenfield Stadium , Thiruvananthapuram",1,29.4,29.4,West Indies cricket team,India national cricket team,Justin Greaves,Keacy Carty,Nitish Reddy,1,0,30,0,0,0,0,1,0,0
"Greenfield Stadium , Thiruvananthapuram",1,29.5,29.5,West Indies cricket team,India national cricket team,Keacy Carty,Justin Greaves,Nitish Reddy,0,0,30,0,0,0,0,0,0,0
"Greenfield Stadium , Thiruvananthapuram",1,29.6,29.6,West Indies cricket team,India national cricket team,Keacy Carty,Justin Greaves,Nitish Reddy,1,0,30,0,0,0,0,1,0,0
"Greenfield Stadium , Thiruvananthapuram",1,30.1,30.1,West Indies cricket team,India national cricket team,Keacy Carty,Justin Greaves,Prasidh Krishna,0,1,31,0,0,0,0,0,0,0
"Greenfield Stadium , Thiruvananthapuram",1,30.2,30.2,West Indies cricket team,India national cricket team,Shai Hope,Justin Greaves,Prasidh Krishna,0,0,31,0,0,0,0,0,0,0
"Greenfield Stadium , Thiruvananthapuram",1,30.3,30.3,West Indies cricket team,India national cricket team,Shai Hope,Justin Greaves,Prasidh Krishna,1,0,31,0,0,0,0,1,0,0
"Greenfield Stadium , Thiruvananthapuram",1,30.4,30.4,West Indies cricket team,India national cricket team,Justin Greaves,Shai Hope,Prasidh Krishna,1,0,31,0,0,0,0,1,0,0
"Greenfield Stadium , Thiruvananthapuram",1,30.5,30.5,West Indies cricket team,India national cricket team,Shai Hope,Justin Greaves,Prasidh Krishna,1,0,31,0,0,0,0,1,0,0
"Greenfield Stadium , Thiruvananthapuram",1,30.6,30.6,West Indies cricket team,India national cricket team,Justin Greaves,Shai Hope,Prasidh Krishna,0,0,31,0,0,0,0,0,0,0
"Greenfield Stadium , Thiruvananthapuram",1,31.1,31.1,West Indies cricket team,India national cricket team,Shai Hope,Justin Greaves,Nitish Reddy,1,0,32,0,0,0,0,1,0,0
"Greenfield Stadium , Thiruvananthapuram",1,31.2,31.2,West Indies cricket team,India national cricket team,Justin Greaves,Shai Hope,Nitish Reddy,1,0,32,0,0,0,0,1,0,0
"Greenfield Stadium , Thiruvananthapuram",1,31.3,31.3,West Indies cricket team,India national cricket team,Shai Hope,Justin Greaves,Nitish Reddy,1,0,32,0,0,0,0,1,0,0
"Greenfield Stadium , Thiruvananthapuram",1,31.4,31.4,West Indies cricket team,India national cricket team,Justin Greaves,Shai Hope,Nitish Reddy,0,0,32,0,0,0,0,0,0,0
"Greenfield Stadium , Thiruvananthapuram",1,31.5,31.5,West Indies cricket team,India national cricket team,Justin Greaves,Shai Hope,Nitish Reddy,1,0,32,0,0,0,0,1,0,0
"Greenfield Stadium , Thiruvananthapuram",1,31.6,31.6,West Indies cricket team,India national cricket team,Shai Hope,Justin Greaves,Nitish Reddy,4,0,32,0,0,0,0,4,1,0
"Greenfield Stadium , Thiruvananthapuram",1,32.1,32.1,West Indies cricket team,India national cricket team,Justin Greaves,Shai Hope,Ravindra Jadeja,0,0,33,0,0,0,0,0,0,0
"Greenfield Stadium , Thiruvananthapuram",1,32.2,32.2,West Indies cricket team,India national cricket team,Justin Greaves,Shai Hope,Ravindra Jadeja,1,0,33,0,0,0,0,1,0,0
"Greenfield Stadium , Thiruvananthapuram",1,32.3,32.3,West Indies cricket team,India national cricket team,Shai Hope,Justin Greaves,Ravindra Jadeja,1,0,33,0,0,0,0,1,0,0
"Greenfield Stadium , Thiruvananthapuram",1,32.4,32.4,West Indies cricket team,India national cricket team,Justin Greaves,Shai Hope,Ravindra Jadeja,1,0,33,0,0,0,0,1,0,0
"Greenfield Stadium , Thiruvananthapuram",1,32.5,32.5,West Indies cricket team,India national cricket team,Shai Hope,Justin Greaves,Ravindra Jadeja,0,0,33,0,0,0,0,0,0,0
"Greenfield Stadium , Thiruvananthapuram",1,32.6,32.6,West Indies cricket team,India national cricket team,Shai Hope,Justin Greaves,Ravindra Jadeja,2,0,33,0,0,0,0,2,0,0
"Greenfield Stadium , Thiruvananthapuram",1,33.1,33.1,West Indies cricket team,India national cricket team,Justin Greaves,Shai Hope,Kuldeep Yadav,0,0,34,0,0,0,0,0,0,0
"Greenfield Stadium , Thiruvananthapuram",1,33.2,33.2,West Indies cricket team,India national cricket team,Justin Greaves,Shai Hope,Kuldeep Yadav,1,0,34,0,0,0,0,1,0,0
"Greenfield Stadium , Thiruvananthapuram",1,33.3,33.3,West Indies cricket team,India national cricket team,Shai Hope,Justin Greaves,Kuldeep Yadav,1,0,34,0,0,0,0,1,0,0
"Greenfield Stadium , Thiruvananthapuram",1,33.4,33.4,West Indies cricket team,India national cricket team,Justin Greaves,Shai Hope,Kuldeep Yadav,1,0,34,0,0,0,0,1,0,0
"Greenfield Stadium , Thiruvananthapuram",1,33.5,33.5,West Indies cricket team,India national cricket team,Shai Hope,Justin Greaves,Kuldeep Yadav,0,1,34,0,0,0,0,0,0,0
"Greenfield Stadium , Thiruvananthapuram",1,33.6,33.6,West Indies cricket team,India national cricket team,Amir Jangoo,Justin Greaves,Kuldeep Yadav,0,0,34,0,0,0,0,0,0,0
"Greenfield Stadium , Thiruvananthapuram",1,34.1,34.1,West Indies cricket team,India national cricket team,Justin Greaves,Amir Jangoo,Ravindra Jadeja,0,0,35,0,0,0,0,0,0,0
"Greenfield Stadium , Thiruvananthapuram",1,34.2,34.2,West Indies cricket team,India national cricket team,Justin Greaves,Amir Jangoo,Ravindra Jadeja,1,0,35,0,0,0,0,1,0,0
"Greenfield Stadium , Thiruvananthapuram",1,34.3,34.3,West Indies cricket team,India national cricket team,Amir Jangoo,Justin Greaves,Ravindra Jadeja,1,0,35,0,0,0,0,1,0,0
"Greenfield Stadium , Thiruvananthapuram",1,34.4,34.4,West Indies cricket team,India national cricket team,Justin Greaves,Amir Jangoo,Ravindra Jadeja,1,0,35,0,0,0,0,1,0,0
"Greenfield Stadium , Thiruvananthapuram",1,34.5,34.5,West Indies cricket team,India national cricket team,Amir Jangoo,Justin Greaves,Ravindra Jadeja,0,0,35,0,0,0,0,0,0,0
"Greenfield Stadium , Thiruvananthapuram",1,34.6,34.6,West Indies cricket team,India national cricket team,Amir Jangoo,Justin Greaves,Ravindra Jadeja,0,0,35,0,0,0,0,0,0,0
"Greenfield Stadium , Thiruvananthapuram",1,35.1,35.1,West Indies cricket team,India national cricket team,Justin Greaves,Amir Jangoo,Kuldeep Yadav,0,0,36,0,0,0,0,0,0,0
"Greenfield Stadium , Thiruvananthapuram",1,35.2,35.2,West Indies cricket team,India national cricket team,Justin Greaves,Amir Jangoo,Kuldeep Yadav,0,0,36,0,0,0,0,0,0,0
"Greenfield Stadium , Thiruvananthapuram",1,35.3,35.3,West Indies cricket team,India national cricket team,Justin Greaves,Amir Jangoo,Kuldeep Yadav,0,1,36,0,0,0,0,0,0,0
"Greenfield Stadium , Thiruvananthapuram",1,35.4,35.4,West Indies cricket team,India national cricket team,Jewel Andrew,Amir Jangoo,Kuldeep Yadav,0,1,36,0,0,0,0,0,0,0
"Greenfield Stadium , Thiruvananthapuram",1,35.5,35.5,West Indies cricket team,India national cricket team,Roston Chase,Amir Jangoo,Kuldeep Yadav,0,0,36,0,0,0,0,0,0,0
"Greenfield Stadium , Thiruvananthapuram",1,35.6,35.6,West Indies cricket team,India national cricket team,Roston Chase,Amir Jangoo,Kuldeep Yadav,0,0,36,0,0,0,0,0,0,0
"Greenfield Stadium , Thiruvananthapuram",1,36.1,36.1,West Indies cricket team,India national cricket team,Amir Jangoo,Roston Chase,Ravindra Jadeja,0,0,37,0,0,0,0,0,0,0
"Greenfield Stadium , Thiruvananthapuram",1,36.2,36.2,West Indies cricket team,India national cricket team,Amir Jangoo,Roston Chase,Ravindra Jadeja,0,0,37,0,0,0,0,0,0,0
"Greenfield Stadium , Thiruvananthapuram",1,36.3,36.3,West Indies cricket team,India national cricket team,Amir Jangoo,Roston Chase,Ravindra Jadeja,1,0,37,0,0,0,0,1,0,0
"Greenfield Stadium , Thiruvananthapuram",1,36.4,36.4,West Indies cricket team,India national cricket team,Roston Chase,Amir Jangoo,Ravindra Jadeja,0,0,37,0,0,0,0,0,0,0
"Greenfield Stadium , Thiruvananthapuram",1,36.5,36.5,West Indies cricket team,India national cricket team,Roston Chase,Amir Jangoo,Ravindra Jadeja,0,0,37,0,0,0,0,0,0,0
"Greenfield Stadium , Thiruvananthapuram",1,36.6,36.6,West Indies cricket team,India national cricket team,Roston Chase,Amir Jangoo,Ravindra Jadeja,0,0,37,0,0,0,0,0,0,0
"Greenfield Stadium , Thiruvananthapuram",1,37.1,37.1,West Indies cricket team,India national cricket team,Amir Jangoo,Roston Chase,Kuldeep Yadav,0,0,38,0,0,0,0,0,0,0
"Greenfield Stadium , Thiruvananthapuram",1,37.2,37.2,West Indies cricket team,India national cricket team,Amir Jangoo,Roston Chase,Kuldeep Yadav,0,0,38,0,0,0,0,0,0,0
"Greenfield Stadium , Thiruvananthapuram",1,37.3,37.3,West Indies cricket team,India national cricket team,Amir Jangoo,Roston Chase,Kuldeep Yadav,2,0,38,0,0,0,0,2,0,0
"Greenfield Stadium , Thiruvananthapuram",1,37.4,37.4,West Indies cricket team,India national cricket team,Amir Jangoo,Roston Chase,Kuldeep Yadav,1,0,38,0,0,0,0,1,0,0
"Greenfield Stadium , Thiruvananthapuram",1,37.5,37.5,West Indies cricket team,India national cricket team,Roston Chase,Amir Jangoo,Kuldeep Yadav,4,0,38,0,0,0,0,4,1,0
"Greenfield Stadium , Thiruvananthapuram",1,37.6,37.6,West Indies cricket team,India national cricket team,Roston Chase,Amir Jangoo,Kuldeep Yadav,0,0,38,0,0,0,0,0,0,0
"Greenfield Stadium , Thiruvananthapuram",1,38.1,38.1,West Indies cricket team,India national cricket team,Amir Jangoo,Roston Chase,Gurnoor Brar,1,0,39,0,0,0,0,1,0,0
"Greenfield Stadium , Thiruvananthapuram",1,38.2,38.2,West Indies cricket team,India national cricket team,Roston Chase,Amir Jangoo,Gurnoor Brar,1,0,39,0,0,0,0,1,0,0
"Greenfield Stadium , Thiruvananthapuram",1,38.3,38.3,West Indies cricket team,India national cricket team,Amir Jangoo,Roston Chase,Gurnoor Brar,1,0,39,0,0,0,0,1,0,0
"Greenfield Stadium , Thiruvananthapuram",1,38.4,38.4,West Indies cricket team,India national cricket team,Roston Chase,Amir Jangoo,Gurnoor Brar,1,0,39,0,0,0,0,1,0,0
"Greenfield Stadium , Thiruvananthapuram",1,38.5,38.5,West Indies cricket team,India national cricket team,Amir Jangoo,Roston Chase,Gurnoor Brar,0,0,39,0,0,0,0,0,0,0
"Greenfield Stadium , Thiruvananthapuram",1,38.6,38.6,West Indies cricket team,India national cricket team,Amir Jangoo,Roston Chase,Gurnoor Brar,0,0,39,0,0,0,0,0,0,0
"Greenfield Stadium , Thiruvananthapuram",1,39.1,39.1,West Indies cricket team,India national cricket team,Roston Chase,Amir Jangoo,Naman Dhir,0,0,40,0,0,0,0,0,0,0
"Greenfield Stadium , Thiruvananthapuram",1,39.2,39.2,West Indies cricket team,India national cricket team,Roston Chase,Amir Jangoo,Naman Dhir,0,0,40,0,0,0,0,0,0,0
"Greenfield Stadium , Thiruvananthapuram",1,39.3,39.3,West Indies cricket team,India national cricket team,Roston Chase,Amir Jangoo,Naman Dhir,1,0,40,0,0,0,0,1,0,0
"Greenfield Stadium , Thiruvananthapuram",1,39.4,39.4,West Indies cricket team,India national cricket team,Amir Jangoo,Roston Chase,Naman Dhir,1,0,40,0,0,0,0,1,0,0
"Greenfield Stadium , Thiruvananthapuram",1,39.5,39.5,West Indies cricket team,India national cricket team,Roston Chase,Amir Jangoo,Naman Dhir,0,0,40,0,0,0,0,0,0,0
"Greenfield Stadium , Thiruvananthapuram",1,39.6,39.6,West Indies cricket team,India national cricket team,Roston Chase,Amir Jangoo,Naman Dhir,1,0,40,0,0,0,0,1,0,0
"Greenfield Stadium , Thiruvananthapuram",1,40.1,40.1,West Indies cricket team,India national cricket team,Roston Chase,Amir Jangoo,Gurnoor Brar,1,0,41,0,0,0,0,1,0,0
"Greenfield Stadium , Thiruvananthapuram",1,40.2,40.2,West Indies cricket team,India national cricket team,Amir Jangoo,Roston Chase,Gurnoor Brar,1,0,41,0,0,0,0,1,0,0
"Greenfield Stadium , Thiruvananthapuram",1,40.3,40.3,West Indies cricket team,India national cricket team,Roston Chase,Amir Jangoo,Gurnoor Brar,0,0,41,0,0,0,0,0,0,0
"Greenfield Stadium , Thiruvananthapuram",1,40.4,40.4,West Indies cricket team,India national cricket team,Roston Chase,Amir Jangoo,Gurnoor Brar,0,0,41,0,0,0,0,0,0,0
"Greenfield Stadium , Thiruvananthapuram",1,40.5,40.5,West Indies cricket team,India national cricket team,Roston Chase,Amir Jangoo,Gurnoor Brar,0,0,41,0,0,0,0,0,0,0
"Greenfield Stadium , Thiruvananthapuram",1,40.6,40.6,West Indies cricket team,India national cricket team,Roston Chase,Amir Jangoo,Gurnoor Brar,1,0,41,0,0,0,0,1,0,0
"Greenfield Stadium , Thiruvananthapuram",1,41.1,41.1,West Indies cricket team,India national cricket team,Roston Chase,Amir Jangoo,Naman Dhir,1,0,42,0,0,0,0,1,0,0
"Greenfield Stadium , Thiruvananthapuram",1,41.2,41.2,West Indies cricket team,India national cricket team,Amir Jangoo,Roston Chase,Naman Dhir,1,0,42,0,0,0,0,1,0,0
"Greenfield Stadium , Thiruvananthapuram",1,41.3,41.3,West Indies cricket team,India national cricket team,Roston Chase,Amir Jangoo,Naman Dhir,1,0,42,0,0,0,0,1,0,0
"Greenfield Stadium , Thiruvananthapuram",1,41.4,41.4,West Indies cricket team,India national cricket team,Amir Jangoo,Roston Chase,Naman Dhir,1,0,42,0,0,0,0,1,0,0
"Greenfield Stadium , Thiruvananthapuram",1,41.5,41.5,West Indies cricket team,India national cricket team,Roston Chase,Amir Jangoo,Naman Dhir,4,0,42,0,0,0,0,4,1,0
"Greenfield Stadium , Thiruvananthapuram",1,41.6,41.6,West Indies cricket team,India national cricket team,Roston Chase,Amir Jangoo,Naman Dhir,4,0,42,0,0,0,0,4,1,0
"Greenfield Stadium , Thiruvananthapuram",1,42.1,42.1,West Indies cricket team,India national cricket team,Amir Jangoo,Roston Chase,Prasidh Krishna,4,0,43,0,0,0,0,4,1,0
"Greenfield Stadium , Thiruvananthapuram",1,42.2,42.2,West Indies cricket team,India national cricket team,Amir Jangoo,Roston Chase,Prasidh Krishna,1,0,43,0,0,0,0,1,0,0
"Greenfield Stadium , Thiruvananthapuram",1,42.3,42.3,West Indies cricket team,India national cricket team,Roston Chase,Amir Jangoo,Prasidh Krishna,0,0,43,0,0,0,0,0,0,0
"Greenfield Stadium , Thiruvananthapuram",1,42.4,42.4,West Indies cricket team,India national cricket team,Roston Chase,Amir Jangoo,Prasidh Krishna,1,0,43,0,0,0,0,1,0,0
"Greenfield Stadium , Thiruvananthapuram",1,42.5,42.5,West Indies cricket team,India national cricket team,Amir Jangoo,Roston Chase,Prasidh Krishna,4,0,43,0,0,0,0,4,1,0
"Greenfield Stadium , Thiruvananthapuram",1,42.6,42.5,West Indies cricket team,India national cricket team,Amir Jangoo,Roston Chase,Prasidh Krishna,1,0,43,1,1,0,0,0,0,0
"Greenfield Stadium , Thiruvananthapuram",1,42.7,42.6,West Indies cricket team,India national cricket team,Amir Jangoo,Roston Chase,Prasidh Krishna,4,0,43,0,0,0,0,4,1,0
"Greenfield Stadium , Thiruvananthapuram",1,43.1,43.1,West Indies cricket team,India national cricket team,Roston Chase,Amir Jangoo,Kuldeep Yadav,1,0,44,0,0,0,0,1,0,0
"Greenfield Stadium , Thiruvananthapuram",1,43.2,43.2,West Indies cricket team,India national cricket team,Amir Jangoo,Roston Chase,Kuldeep Yadav,1,0,44,0,0,0,0,1,0,0
"Greenfield Stadium , Thiruvananthapuram",1,43.3,43.3,West Indies cricket team,India national cricket team,Roston Chase,Amir Jangoo,Kuldeep Yadav,0,0,44,0,0,0,0,0,0,0
"Greenfield Stadium , Thiruvananthapuram",1,43.4,43.4,West Indies cricket team,India national cricket team,Roston Chase,Amir Jangoo,Kuldeep Yadav,0,0,44,0,0,0,0,0,0,0
"Greenfield Stadium , Thiruvananthapuram",1,43.5,43.5,West Indies cricket team,India national cricket team,Roston Chase,Amir Jangoo,Kuldeep Yadav,1,0,44,0,0,0,0,1,0,0
"Greenfield Stadium , Thiruvananthapuram",1,43.6,43.6,West Indies cricket team,India national cricket team,Amir Jangoo,Roston Chase,Kuldeep Yadav,1,0,44,0,0,0,0,1,0,0
"Greenfield Stadium , Thiruvananthapuram",1,44.1,44.1,West Indies cricket team,India national cricket team,Amir Jangoo,Roston Chase,Prasidh Krishna,0,0,45,0,0,0,0,0,0,0
"Greenfield Stadium , Thiruvananthapuram",1,44.2,44.2,West Indies cricket team,India national cricket team,Amir Jangoo,Roston Chase,Prasidh Krishna,1,0,45,0,0,0,0,1,0,0
"Greenfield Stadium , Thiruvananthapuram",1,44.3,44.3,West Indies cricket team,India national cricket team,Roston Chase,Amir Jangoo,Prasidh Krishna,1,0,45,0,0,0,0,1,0,0
"Greenfield Stadium , Thiruvananthapuram",1,44.4,44.4,West Indies cricket team,India national cricket team,Amir Jangoo,Roston Chase,Prasidh Krishna,1,0,45,0,0,0,0,1,0,0
"Greenfield Stadium , Thiruvananthapuram",1,44.5,44.5,West Indies cricket team,India national cricket team,Roston Chase,Amir Jangoo,Prasidh Krishna,0,0,45,0,0,0,0,0,0,0
"Greenfield Stadium , Thiruvananthapuram",1,44.6,44.6,West Indies cricket team,India national cricket team,Roston Chase,Amir Jangoo,Prasidh Krishna,0,1,45,0,0,0,0,0,0,0
"Greenfield Stadium , Thiruvananthapuram",1,45.1,45.1,West Indies cricket team,India national cricket team,Amir Jangoo,Matthew Forde,Gurnoor Brar,4,0,46,0,0,0,0,4,1,0
"Greenfield Stadium , Thiruvananthapuram",1,45.2,45.2,West Indies cricket team,India national cricket team,Amir Jangoo,Matthew Forde,Gurnoor Brar,4,0,46,0,0,0,0,4,1,0
"Greenfield Stadium , Thiruvananthapuram",1,45.3,45.3,West Indies cricket team,India national cricket team,Amir Jangoo,Matthew Forde,Gurnoor Brar,1,0,46,0,0,0,0,1,0,0
"Greenfield Stadium , Thiruvananthapuram",1,45.4,45.4,West Indies cricket team,India national cricket team,Matthew Forde,Amir Jangoo,Gurnoor Brar,0,0,46,0,0,0,0,0,0,0
"Greenfield Stadium , Thiruvananthapuram",1,45.5,45.5,West Indies cricket team,India national cricket team,Matthew Forde,Amir Jangoo,Gurnoor Brar,1,0,46,0,0,0,0,1,0,0
"Greenfield Stadium , Thiruvananthapuram",1,45.6,45.6,West Indies cricket team,India national cricket team,Amir Jangoo,Matthew Forde,Gurnoor Brar,1,0,46,1,0,0,1,0,0,0
"Greenfield Stadium , Thiruvananthapuram",1,46.1,46.1,West Indies cricket team,India national cricket team,Amir Jangoo,Matthew Forde,Prasidh Krishna,1,0,47,0,0,0,0,1,0,0
"Greenfield Stadium , Thiruvananthapuram",1,46.2,46.2,West Indies cricket team,India national cricket team,Matthew Forde,Amir Jangoo,Prasidh Krishna,0,0,47,0,0,0,0,0,0,0
"Greenfield Stadium , Thiruvananthapuram",1,46.3,46.3,West Indies cricket team,India national cricket team,Matthew Forde,Amir Jangoo,Prasidh Krishna,1,0,47,0,0,0,0,1,0,0
"Greenfield Stadium , Thiruvananthapuram",1,46.4,46.4,West Indies cricket team,India national cricket team,Amir Jangoo,Matthew Forde,Prasidh Krishna,1,0,47,0,0,0,0,1,0,0
"Greenfield Stadium , Thiruvananthapuram",1,46.5,46.5,West Indies cricket team,India national cricket team,Matthew Forde,Amir Jangoo,Prasidh Krishna,1,0,47,0,0,0,0,1,0,0
"Greenfield Stadium , Thiruvananthapuram",1,46.6,46.6,West Indies cricket team,India national cricket team,Amir Jangoo,Matthew Forde,Prasidh Krishna,4,0,47,0,0,0,0,4,1,0
"Greenfield Stadium , Thiruvananthapuram",1,47.1,47.1,West Indies cricket team,India national cricket team,Matthew Forde,Amir Jangoo,Gurnoor Brar,2,0,48,0,0,0,0,2,0,0
"Greenfield Stadium , Thiruvananthapuram",1,47.2,47.2,West Indies cricket team,India national cricket team,Matthew Forde,Amir Jangoo,Gurnoor Brar,1,0,48,0,0,0,0,1,0,0
"Greenfield Stadium , Thiruvananthapuram",1,47.3,47.3,West Indies cricket team,India national cricket team,Amir Jangoo,Matthew Forde,Gurnoor Brar,0,0,48,0,0,0,0,0,0,0
"Greenfield Stadium , Thiruvananthapuram",1,47.4,47.4,West Indies cricket team,India national cricket team,Amir Jangoo,Matthew Forde,Gurnoor Brar,6,0,48,0,0,0,0,6,0,1
"Greenfield Stadium , Thiruvananthapuram",1,47.5,47.5,West Indies cricket team,India national cricket team,Amir Jangoo,Matthew Forde,Gurnoor Brar,1,0,48,0,0,0,0,1,0,0
"Greenfield Stadium , Thiruvananthapuram",1,47.6,47.6,West Indies cricket team,India national cricket team,Matthew Forde,Amir Jangoo,Gurnoor Brar,0,0,48,0,0,0,0,0,0,0
"Greenfield Stadium , Thiruvananthapuram",1,48.1,48.1,West Indies cricket team,India national cricket team,Amir Jangoo,Matthew Forde,Prasidh Krishna,1,0,49,1,1,0,0,0,0,0
"Greenfield Stadium , Thiruvananthapuram",1,48.2,48.1,West Indies cricket team,India national cricket team,Amir Jangoo,Matthew Forde,Prasidh Krishna,4,0,49,0,0,0,0,4,1,0
"Greenfield Stadium , Thiruvananthapuram",1,48.3,48.2,West Indies cricket team,India national cricket team,Amir Jangoo,Matthew Forde,Prasidh Krishna,2,0,49,0,0,0,0,2,0,0
"Greenfield Stadium , Thiruvananthapuram",1,48.4,48.3,West Indies cricket team,India national cricket team,Amir Jangoo,Matthew Forde,Prasidh Krishna,1,0,49,1,0,0,1,0,0,0
"Greenfield Stadium , Thiruvananthapuram",1,48.5,48.4,West Indies cricket team,India national cricket team,Matthew Forde,Amir Jangoo,Prasidh Krishna,0,0,49,0,0,0,0,0,0,0
"Greenfield Stadium , Thiruvananthapuram",1,48.6,48.5,West Indies cricket team,India national cricket team,Matthew Forde,Amir Jangoo,Prasidh Krishna,0,0,49,0,0,0,0,0,0,0
"Greenfield Stadium , Thiruvananthapuram",1,48.7,48.6,West Indies cricket team,India national cricket team,Matthew Forde,Amir Jangoo,Prasidh Krishna,1,0,49,0,0,0,0,1,0,0
"Greenfield Stadium , Thiruvananthapuram",1,49.1,49.1,West Indies cricket team,India national cricket team,Matthew Forde,Amir Jangoo,Nitish Reddy,0,1,50,0,0,0,0,0,0,0
"Greenfield Stadium , Thiruvananthapuram",1,49.2,49.2,West Indies cricket team,India national cricket team,Gudakesh Motie,Amir Jangoo,Nitish Reddy,1,0,50,0,0,0,0,1,0,0
"Greenfield Stadium , Thiruvananthapuram",1,49.3,49.3,West Indies cricket team,India national cricket team,Amir Jangoo,Gudakesh Motie,Nitish Reddy,1,0,50,0,0,0,0,1,0,0
"Greenfield Stadium , Thiruvananthapuram",1,49.4,49.4,West Indies cricket team,India national cricket team,Gudakesh Motie,Amir Jangoo,Nitish Reddy,1,0,50,0,0,0,0,1,0,0
"Greenfield Stadium , Thiruvananthapuram",1,49.5,49.5,West Indies cricket team,India national cricket team,Amir Jangoo,Gudakesh Motie,Nitish Reddy,1,0,50,0,0,0,0,1,0,0
"Greenfield Stadium , Thiruvananthapuram",1,49.6,49.5,West Indies cricket team,India national cricket team,Gudakesh Motie,Amir Jangoo,Nitish Reddy,1,0,50,1,0,1,0,0,0,0
"Greenfield Stadium , Thiruvananthapuram",1,49.7,49.6,West Indies cricket team,India national cricket team,Gudakesh Motie,Amir Jangoo,Nitish Reddy,2,0,50,0,0,0,0,2,0,0
"Greenfield Stadium , Thiruvananthapuram",2,0.1,0.1,India national cricket team,West Indies cricket team,Rohit Sharma,Shubman Gill,Jayden Seales,4,0,1,0,0,0,0,4,1,0
"Greenfield Stadium , Thiruvananthapuram",2,0.2,0.2,India national cricket team,West Indies cricket team,Rohit Sharma,Shubman Gill,Jayden Seales,0,0,1,0,0,0,0,0,0,0
"Greenfield Stadium , Thiruvananthapuram",2,0.3,0.3,India national cricket team,West Indies cricket team,Rohit Sharma,Shubman Gill,Jayden Seales,0,0,1,0,0,0,0,0,0,0
"Greenfield Stadium , Thiruvananthapuram",2,0.4,0.4,India national cricket team,West Indies cricket team,Rohit Sharma,Shubman Gill,Jayden Seales,0,0,1,0,0,0,0,0,0,0
"Greenfield Stadium , Thiruvananthapuram",2,0.5,0.5,India national cricket team,West Indies cricket team,Rohit Sharma,Shubman Gill,Jayden Seales,0,0,1,0,0,0,0,0,0,0
"Greenfield Stadium , Thiruvananthapuram",2,0.6,0.6,India national cricket team,West Indies cricket team,Rohit Sharma,Shubman Gill,Jayden Seales,0,0,1,0,0,0,0,0,0,0
"Greenfield Stadium , Thiruvananthapuram",2,1.1,1.1,India national cricket team,West Indies cricket team,Shubman Gill,Rohit Sharma,Matthew Forde,2,0,2,0,0,0,0,2,0,0
"Greenfield Stadium , Thiruvananthapuram",2,1.2,1.2,India national cricket team,West Indies cricket team,Shubman Gill,Rohit Sharma,Matthew Forde,0,0,2,0,0,0,0,0,0,0
"Greenfield Stadium , Thiruvananthapuram",2,1.3,1.3,India national cricket team,West Indies cricket team,Shubman Gill,Rohit Sharma,Matthew Forde,0,0,2,0,0,0,0,0,0,0
"Greenfield Stadium , Thiruvananthapuram",2,1.4,1.4,India national cricket team,West Indies cricket team,Shubman Gill,Rohit Sharma,Matthew Forde,0,0,2,0,0,0,0,0,0,0
"Greenfield Stadium , Thiruvananthapuram",2,1.5,1.5,India national cricket team,West Indies cricket team,Shubman Gill,Rohit Sharma,Matthew Forde,0,0,2,0,0,0,0,0,0,0
"Greenfield Stadium , Thiruvananthapuram",2,1.6,1.6,India national cricket team,West Indies cricket team,Shubman Gill,Rohit Sharma,Matthew Forde,1,0,2,0,0,0,0,1,0,0
"Greenfield Stadium , Thiruvananthapuram",2,2.1,2.1,India national cricket team,West Indies cricket team,Shubman Gill,Rohit Sharma,Jayden Seales,1,0,3,0,0,0,0,1,0,0
"Greenfield Stadium , Thiruvananthapuram",2,2.2,2.2,India national cricket team,West Indies cricket team,Rohit Sharma,Shubman Gill,Jayden Seales,0,0,3,0,0,0,0,0,0,0
"Greenfield Stadium , Thiruvananthapuram",2,2.3,2.3,India national cricket team,West Indies cricket team,Rohit Sharma,Shubman Gill,Jayden Seales,4,0,3,0,0,0,0,4,1,0
"Greenfield Stadium , Thiruvananthapuram",2,2.4,2.4,India national cricket team,West Indies cricket team,Rohit Sharma,Shubman Gill,Jayden Seales,0,0,3,0,0,0,0,0,0,0
"Greenfield Stadium , Thiruvananthapuram",2,2.5,2.5,India national cricket team,West Indies cricket team,Rohit Sharma,Shubman Gill,Jayden Seales,2,0,3,0,0,0,0,2,0,0
"Greenfield Stadium , Thiruvananthapuram",2,2.6,2.6,India national cricket team,West Indies cricket team,Rohit Sharma,Shubman Gill,Jayden Seales,0,0,3,0,0,0,0,0,0,0
"Greenfield Stadium , Thiruvananthapuram",2,3.1,3.1,India national cricket team,West Indies cricket team,Shubman Gill,Rohit Sharma,Matthew Forde,0,0,4,0,0,0,0,0,0,0
"Greenfield Stadium , Thiruvananthapuram",2,3.2,3.2,India national cricket team,West Indies cricket team,Shubman Gill,Rohit Sharma,Matthew Forde,0,0,4,0,0,0,0,0,0,0
"Greenfield Stadium , Thiruvananthapuram",2,3.3,3.3,India national cricket team,West Indies cricket team,Shubman Gill,Rohit Sharma,Matthew Forde,4,0,4,0,0,0,0,4,1,0
"Greenfield Stadium , Thiruvananthapuram",2,3.4,3.4,India national cricket team,West Indies cricket team,Shubman Gill,Rohit Sharma,Matthew Forde,0,0,4,0,0,0,0,0,0,0
"Greenfield Stadium , Thiruvananthapuram",2,3.5,3.5,India national cricket team,West Indies cricket team,Shubman Gill,Rohit Sharma,Matthew Forde,3,0,4,0,0,0,0,3,0,0
"Greenfield Stadium , Thiruvananthapuram",2,3.6,3.5,India national cricket team,West Indies cricket team,Rohit Sharma,Shubman Gill,Matthew Forde,1,0,4,1,1,0,0,0,0,0
"Greenfield Stadium , Thiruvananthapuram",2,3.7,3.6,India national cricket team,West Indies cricket team,Rohit Sharma,Shubman Gill,Matthew Forde,0,0,4,0,0,0,0,0,0,0
"Greenfield Stadium , Thiruvananthapuram",2,4.1,4.1,India national cricket team,West Indies cricket team,Shubman Gill,Rohit Sharma,Jayden Seales,0,0,5,0,0,0,0,0,0,0
"Greenfield Stadium , Thiruvananthapuram",2,4.2,4.2,India national cricket team,West Indies cricket team,Shubman Gill,Rohit Sharma,Jayden Seales,0,0,5,0,0,0,0,0,0,0
"Greenfield Stadium , Thiruvananthapuram",2,4.3,4.3,India national cricket team,West Indies cricket team,Shubman Gill,Rohit Sharma,Jayden Seales,1,0,5,0,0,0,0,1,0,0
"Greenfield Stadium , Thiruvananthapuram",2,4.4,4.4,India national cricket team,West Indies cricket team,Rohit Sharma,Shubman Gill,Jayden Seales,0,0,5,0,0,0,0,0,0,0
"Greenfield Stadium , Thiruvananthapuram",2,4.5,4.5,India national cricket team,West Indies cricket team,Rohit Sharma,Shubman Gill,Jayden Seales,0,0,5,0,0,0,0,0,0,0
"Greenfield Stadium , Thiruvananthapuram",2,4.6,4.6,India national cricket team,West Indies cricket team,Rohit Sharma,Shubman Gill,Jayden Seales,6,0,5,0,0,0,0,6,0,1
"Greenfield Stadium , Thiruvananthapuram",2,5.1,5.1,India national cricket team,West Indies cricket team,Shubman Gill,Rohit Sharma,Matthew Forde,1,0,6,0,0,0,0,1,0,0
"Greenfield Stadium , Thiruvananthapuram",2,5.2,5.2,India national cricket team,West Indies cricket team,Rohit Sharma,Shubman Gill,Matthew Forde,1,0,6,0,0,0,0,1,0,0
"Greenfield Stadium , Thiruvananthapuram",2,5.3,5.3,India national cricket team,West Indies cricket team,Shubman Gill,Rohit Sharma,Matthew Forde,0,0,6,0,0,0,0,0,0,0
"Greenfield Stadium , Thiruvananthapuram",2,5.4,5.4,India national cricket team,West Indies cricket team,Shubman Gill,Rohit Sharma,Matthew Forde,1,0,6,0,0,0,0,1,0,0
"Greenfield Stadium , Thiruvananthapuram",2,5.5,5.5,India national cricket team,West Indies cricket team,Rohit Sharma,Shubman Gill,Matthew Forde,6,0,6,0,0,0,0,6,0,1
"Greenfield Stadium , Thiruvananthapuram",2,5.6,5.6,India national cricket team,West Indies cricket team,Rohit Sharma,Shubman Gill,Matthew Forde,0,0,6,0,0,0,0,0,0,0
"Greenfield Stadium , Thiruvananthapuram",2,6.1,6.1,India national cricket team,West Indies cricket team,Shubman Gill,Rohit Sharma,Jayden Seales,0,0,7,0,0,0,0,0,0,0
"Greenfield Stadium , Thiruvananthapuram",2,6.2,6.2,India national cricket team,West Indies cricket team,Shubman Gill,Rohit Sharma,Jayden Seales,0,0,7,0,0,0,0,0,0,0
"Greenfield Stadium , Thiruvananthapuram",2,6.3,6.3,India national cricket team,West Indies cricket team,Shubman Gill,Rohit Sharma,Jayden Seales,2,0,7,0,0,0,0,2,0,0
"Greenfield Stadium , Thiruvananthapuram",2,6.4,6.4,India national cricket team,West Indies cricket team,Shubman Gill,Rohit Sharma,Jayden Seales,0,0,7,0,0,0,0,0,0,0
"Greenfield Stadium , Thiruvananthapuram",2,6.5,6.5,India national cricket team,West Indies cricket team,Shubman Gill,Rohit Sharma,Jayden Seales,0,0,7,0,0,0,0,0,0,0
"Greenfield Stadium , Thiruvananthapuram",2,6.6,6.6,India national cricket team,West Indies cricket team,Shubman Gill,Rohit Sharma,Jayden Seales,1,0,7,0,0,0,0,1,0,0
"Greenfield Stadium , Thiruvananthapuram",2,7.1,7.1,India national cricket team,West Indies cricket team,Shubman Gill,Rohit Sharma,Alzarri Joseph,0,0,8,0,0,0,0,0,0,0
"Greenfield Stadium , Thiruvananthapuram",2,7.2,7.2,India national cricket team,West Indies cricket team,Shubman Gill,Rohit Sharma,Alzarri Joseph,4,0,8,0,0,0,0,4,1,0
"Greenfield Stadium , Thiruvananthapuram",2,7.3,7.3,India national cricket team,West Indies cricket team,Shubman Gill,Rohit Sharma,Alzarri Joseph,4,0,8,0,0,0,0,4,1,0
"Greenfield Stadium , Thiruvananthapuram",2,7.4,7.4,India national cricket team,West Indies cricket team,Shubman Gill,Rohit Sharma,Alzarri Joseph,0,0,8,0,0,0,0,0,0,0
"Greenfield Stadium , Thiruvananthapuram",2,7.5,7.5,India national cricket team,West Indies cricket team,Shubman Gill,Rohit Sharma,Alzarri Joseph,4,0,8,0,0,0,0,4,1,0
"Greenfield Stadium , Thiruvananthapuram",2,7.6,7.6,India national cricket team,West Indies cricket team,Shubman Gill,Rohit Sharma,Alzarri Joseph,0,0,8,0,0,0,0,0,0,0
"Greenfield Stadium , Thiruvananthapuram",2,8.1,8.1,India national cricket team,West Indies cricket team,Rohit Sharma,Shubman Gill,Gudakesh Motie,0,0,9,0,0,0,0,0,0,0
"Greenfield Stadium , Thiruvananthapuram",2,8.2,8.2,India national cricket team,West Indies cricket team,Rohit Sharma,Shubman Gill,Gudakesh Motie,0,0,9,0,0,0,0,0,0,0
"Greenfield Stadium , Thiruvananthapuram",2,8.3,8.3,India national cricket team,West Indies cricket team,Rohit Sharma,Shubman Gill,Gudakesh Motie,1,0,9,0,0,0,0,1,0,0
"Greenfield Stadium , Thiruvananthapuram",2,8.4,8.4,India national cricket team,West Indies cricket team,Shubman Gill,Rohit Sharma,Gudakesh Motie,6,0,9,0,0,0,0,6,0,1
"Greenfield Stadium , Thiruvananthapuram",2,8.5,8.5,India national cricket team,West Indies cricket team,Shubman Gill,Rohit Sharma,Gudakesh Motie,4,0,9,0,0,0,0,4,1,0
"Greenfield Stadium , Thiruvananthapuram",2,8.6,8.6,India national cricket team,West Indies cricket team,Shubman Gill,Rohit Sharma,Gudakesh Motie,0,0,9,0,0,0,0,0,0,0
"Greenfield Stadium , Thiruvananthapuram",2,9.1,9.1,India national cricket team,West Indies cricket team,Rohit Sharma,Shubman Gill,Alzarri Joseph,0,0,10,0,0,0,0,0,0,0
"Greenfield Stadium , Thiruvananthapuram",2,9.2,9.2,India national cricket team,West Indies cricket team,Rohit Sharma,Shubman Gill,Alzarri Joseph,6,0,10,0,0,0,0,6,0,1
"Greenfield Stadium , Thiruvananthapuram",2,9.3,9.3,India national cricket team,West Indies cricket team,Rohit Sharma,Shubman Gill,Alzarri Joseph,0,0,10,0,0,0,0,0,0,0
"Greenfield Stadium , Thiruvananthapuram",2,9.4,9.4,India national cricket team,West Indies cricket team,Rohit Sharma,Shubman Gill,Alzarri Joseph,0,0,10,0,0,0,0,0,0,0
"Greenfield Stadium , Thiruvananthapuram",2,9.5,9.5,India national cricket team,West Indies cricket team,Rohit Sharma,Shubman Gill,Alzarri Joseph,0,0,10,0,0,0,0,0,0,0
"Greenfield Stadium , Thiruvananthapuram",2,9.6,9.6,India national cricket team,West Indies cricket team,Rohit Sharma,Shubman Gill,Alzarri Joseph,0,0,10,0,0,0,0,0,0,0
"Greenfield Stadium , Thiruvananthapuram",2,10.1,10.1,India national cricket team,West Indies cricket team,Shubman Gill,Rohit Sharma,Roston Chase,0,0,11,0,0,0,0,0,0,0
"Greenfield Stadium , Thiruvananthapuram",2,10.2,10.2,India national cricket team,West Indies cricket team,Shubman Gill,Rohit Sharma,Roston Chase,1,0,11,0,0,0,0,1,0,0
"Greenfield Stadium , Thiruvananthapuram",2,10.3,10.3,India national cricket team,West Indies cricket team,Rohit Sharma,Shubman Gill,Roston Chase,1,0,11,0,0,0,0,1,0,0
"Greenfield Stadium , Thiruvananthapuram",2,10.4,10.4,India national cricket team,West Indies cricket team,Shubman Gill,Rohit Sharma,Roston Chase,0,0,11,0,0,0,0,0,0,0
"Greenfield Stadium , Thiruvananthapuram",2,10.5,10.5,India national cricket team,West Indies cricket team,Shubman Gill,Rohit Sharma,Roston Chase,1,0,11,0,0,0,0,1,0,0
"Greenfield Stadium , Thiruvananthapuram",2,10.6,10.6,India national cricket team,West Indies cricket team,Rohit Sharma,Shubman Gill,Roston Chase,1,0,11,0,0,0,0,1,0,0
"Greenfield Stadium , Thiruvananthapuram",2,11.1,11.1,India national cricket team,West Indies cricket team,Rohit Sharma,Shubman Gill,Alzarri Joseph,0,0,12,0,0,0,0,0,0,0
"Greenfield Stadium , Thiruvananthapuram",2,11.2,11.2,India national cricket team,West Indies cricket team,Rohit Sharma,Shubman Gill,Alzarri Joseph,0,0,12,0,0,0,0,0,0,0
"Greenfield Stadium , Thiruvananthapuram",2,11.3,11.3,India national cricket team,West Indies cricket team,Rohit Sharma,Shubman Gill,Alzarri Joseph,0,0,12,0,0,0,0,0,0,0
"Greenfield Stadium , Thiruvananthapuram",2,11.4,11.4,India national cricket team,West Indies cricket team,Rohit Sharma,Shubman Gill,Alzarri Joseph,0,0,12,0,0,0,0,0,0,0
"Greenfield Stadium , Thiruvananthapuram",2,11.5,11.5,India national cricket team,West Indies cricket team,Rohit Sharma,Shubman Gill,Alzarri Joseph,0,0,12,0,0,0,0,0,0,0
"Greenfield Stadium , Thiruvananthapuram",2,11.6,11.6,India national cricket team,West Indies cricket team,Rohit Sharma,Shubman Gill,Alzarri Joseph,0,1,12,0,0,0,0,0,0,0
"Greenfield Stadium , Thiruvananthapuram",2,12.1,12.1,India national cricket team,West Indies cricket team,Shubman Gill,Virat Kohli,Roston Chase,1,0,13,0,0,0,0,1,0,0
"Greenfield Stadium , Thiruvananthapuram",2,12.2,12.2,India national cricket team,West Indies cricket team,Virat Kohli,Shubman Gill,Roston Chase,1,0,13,0,0,0,0,1,0,0
"Greenfield Stadium , Thiruvananthapuram",2,12.3,12.3,India national cricket team,West Indies cricket team,Shubman Gill,Virat Kohli,Roston Chase,0,0,13,0,0,0,0,0,0,0
"Greenfield Stadium , Thiruvananthapuram",2,12.4,12.4,India national cricket team,West Indies cricket team,Shubman Gill,Virat Kohli,Roston Chase,1,0,13,0,0,0,0,1,0,0
"Greenfield Stadium , Thiruvananthapuram",2,12.5,12.5,India national cricket team,West Indies cricket team,Virat Kohli,Shubman Gill,Roston Chase,2,0,13,0,0,0,0,2,0,0
"Greenfield Stadium , Thiruvananthapuram",2,12.6,12.6,India national cricket team,West Indies cricket team,Virat Kohli,Shubman Gill,Roston Chase,1,0,13,0,0,0,0,1,0,0
"Greenfield Stadium , Thiruvananthapuram",2,13.1,13.1,India national cricket team,West Indies cricket team,Virat Kohli,Shubman Gill,Alzarri Joseph,6,0,14,0,0,0,0,6,0,1
"Greenfield Stadium , Thiruvananthapuram",2,13.2,13.2,India national cricket team,West Indies cricket team,Virat Kohli,Shubman Gill,Alzarri Joseph,0,0,14,0,0,0,0,0,0,0
"Greenfield Stadium , Thiruvananthapuram",2,13.3,13.3,India national cricket team,West Indies cricket team,Virat Kohli,Shubman Gill,Alzarri Joseph,1,0,14,0,0,0,0,1,0,0
"Greenfield Stadium , Thiruvananthapuram",2,13.4,13.4,India national cricket team,West Indies cricket team,Shubman Gill,Virat Kohli,Alzarri Joseph,1,0,14,0,0,0,0,1,0,0
"Greenfield Stadium , Thiruvananthapuram",2,13.5,13.5,India national cricket team,West Indies cricket team,Virat Kohli,Shubman Gill,Alzarri Joseph,0,0,14,0,0,0,0,0,0,0
"Greenfield Stadium , Thiruvananthapuram",2,13.6,13.6,India national cricket team,West Indies cricket team,Virat Kohli,Shubman Gill,Alzarri Joseph,4,0,14,0,0,0,0,4,1,0
"Greenfield Stadium , Thiruvananthapuram",2,14.1,14.1,India national cricket team,West Indies cricket team,Shubman Gill,Virat Kohli,Roston Chase,0,0,15,0,0,0,0,0,0,0
"Greenfield Stadium , Thiruvananthapuram",2,14.2,14.2,India national cricket team,West Indies cricket team,Shubman Gill,Virat Kohli,Roston Chase,1,0,15,0,0,0,0,1,0,0
"Greenfield Stadium , Thiruvananthapuram",2,14.3,14.3,India national cricket team,West Indies cricket team,Virat Kohli,Shubman Gill,Roston Chase,0,0,15,0,0,0,0,0,0,0
"Greenfield Stadium , Thiruvananthapuram",2,14.4,14.4,India national cricket team,West Indies cricket team,Virat Kohli,Shubman Gill,Roston Chase,1,0,15,0,0,0,0,1,0,0
"Greenfield Stadium , Thiruvananthapuram",2,14.5,14.5,India national cricket team,West Indies cricket team,Shubman Gill,Virat Kohli,Roston Chase,1,0,15,0,0,0,0,1,0,0
"Greenfield Stadium , Thiruvananthapuram",2,14.6,14.6,India national cricket team,West Indies cricket team,Virat Kohli,Shubman Gill,Roston Chase,0,0,15,0,0,0,0,0,0,0
"Greenfield Stadium , Thiruvananthapuram",2,15.1,15.1,India national cricket team,West Indies cricket team,Shubman Gill,Virat Kohli,Gudakesh Motie,1,0,16,0,0,0,0,1,0,0
"Greenfield Stadium , Thiruvananthapuram",2,15.2,15.2,India national cricket team,West Indies cricket team,Virat Kohli,Shubman Gill,Gudakesh Motie,1,0,16,0,0,0,0,1,0,0
"Greenfield Stadium , Thiruvananthapuram",2,15.3,15.3,India national cricket team,West Indies cricket team,Shubman Gill,Virat Kohli,Gudakesh Motie,1,0,16,0,0,0,0,1,0,0
"Greenfield Stadium , Thiruvananthapuram",2,15.4,15.4,India national cricket team,West Indies cricket team,Virat Kohli,Shubman Gill,Gudakesh Motie,1,0,16,0,0,0,0,1,0,0
"Greenfield Stadium , Thiruvananthapuram",2,15.5,15.5,India national cricket team,West Indies cricket team,Shubman Gill,Virat Kohli,Gudakesh Motie,1,0,16,0,0,0,0,1,0,0
"Greenfield Stadium , Thiruvananthapuram",2,15.6,15.6,India national cricket team,West Indies cricket team,Virat Kohli,Shubman Gill,Gudakesh Motie,0,0,16,0,0,0,0,0,0,0
"Greenfield Stadium , Thiruvananthapuram",2,16.1,16.1,India national cricket team,West Indies cricket team,Shubman Gill,Virat Kohli,Roston Chase,0,0,17,0,0,0,0,0,0,0
"Greenfield Stadium , Thiruvananthapuram",2,16.2,16.2,India national cricket team,West Indies cricket team,Shubman Gill,Virat Kohli,Roston Chase,1,0,17,0,0,0,0,1,0,0
"Greenfield Stadium , Thiruvananthapuram",2,16.3,16.3,India national cricket team,West Indies cricket team,Virat Kohli,Shubman Gill,Roston Chase,1,0,17,0,0,0,0,1,0,0
"Greenfield Stadium , Thiruvananthapuram",2,16.4,16.4,India national cricket team,West Indies cricket team,Shubman Gill,Virat Kohli,Roston Chase,4,0,17,0,0,0,0,4,1,0
"Greenfield Stadium , Thiruvananthapuram",2,16.5,16.5,India national cricket team,West Indies cricket team,Shubman Gill,Virat Kohli,Roston Chase,0,0,17,0,0,0,0,0,0,0
"Greenfield Stadium , Thiruvananthapuram",2,16.6,16.6,India national cricket team,West Indies cricket team,Shubman Gill,Virat Kohli,Roston Chase,1,0,17,0,0,0,0,1,0,0
"Greenfield Stadium , Thiruvananthapuram",2,17.1,17.1,India national cricket team,West Indies cricket team,Shubman Gill,Virat Kohli,Gudakesh Motie,1,0,18,0,0,0,0,1,0,0
"Greenfield Stadium , Thiruvananthapuram",2,17.2,17.2,India national cricket team,West Indies cricket team,Virat Kohli,Shubman Gill,Gudakesh Motie,0,0,18,0,0,0,0,0,0,0
"Greenfield Stadium , Thiruvananthapuram",2,17.3,17.3,India national cricket team,West Indies cricket team,Virat Kohli,Shubman Gill,Gudakesh Motie,1,0,18,0,0,0,0,1,0,0
"Greenfield Stadium , Thiruvananthapuram",2,17.4,17.4,India national cricket team,West Indies cricket team,Shubman Gill,Virat Kohli,Gudakesh Motie,1,0,18,0,0,0,0,1,0,0
"Greenfield Stadium , Thiruvananthapuram",2,17.5,17.5,India national cricket team,West Indies cricket team,Virat Kohli,Shubman Gill,Gudakesh Motie,4,0,18,0,0,0,0,4,1,0
"Greenfield Stadium , Thiruvananthapuram",2,17.6,17.6,India national cricket team,West Indies cricket team,Virat Kohli,Shubman Gill,Gudakesh Motie,1,0,18,0,0,0,0,1,0,0
"Greenfield Stadium , Thiruvananthapuram",2,18.1,18.1,India national cricket team,West Indies cricket team,Virat Kohli,Shubman Gill,Roston Chase,0,0,19,0,0,0,0,0,0,0
"Greenfield Stadium , Thiruvananthapuram",2,18.2,18.2,India national cricket team,West Indies cricket team,Virat Kohli,Shubman Gill,Roston Chase,1,0,19,0,0,0,0,1,0,0
"Greenfield Stadium , Thiruvananthapuram",2,18.3,18.3,India national cricket team,West Indies cricket team,Shubman Gill,Virat Kohli,Roston Chase,0,0,19,0,0,0,0,0,0,0
"Greenfield Stadium , Thiruvananthapuram",2,18.4,18.4,India national cricket team,West Indies cricket team,Shubman Gill,Virat Kohli,Roston Chase,1,0,19,0,0,0,0,1,0,0
"Greenfield Stadium , Thiruvananthapuram",2,18.5,18.5,India national cricket team,West Indies cricket team,Virat Kohli,Shubman Gill,Roston Chase,1,0,19,0,0,0,0,1,0,0
"Greenfield Stadium , Thiruvananthapuram",2,18.6,18.6,India national cricket team,West Indies cricket team,Shubman Gill,Virat Kohli,Roston Chase,0,0,19,0,0,0,0,0,0,0
"Greenfield Stadium , Thiruvananthapuram",2,19.1,19.1,India national cricket team,West Indies cricket team,Virat Kohli,Shubman Gill,Gudakesh Motie,1,0,20,0,0,0,0,1,0,0
"Greenfield Stadium , Thiruvananthapuram",2,19.2,19.2,India national cricket team,West Indies cricket team,Shubman Gill,Virat Kohli,Gudakesh Motie,2,0,20,0,0,0,0,2,0,0
"Greenfield Stadium , Thiruvananthapuram",2,19.3,19.3,India national cricket team,West Indies cricket team,Shubman Gill,Virat Kohli,Gudakesh Motie,1,0,20,0,0,0,0,1,0,0
"Greenfield Stadium , Thiruvananthapuram",2,19.4,19.4,India national cricket team,West Indies cricket team,Virat Kohli,Shubman Gill,Gudakesh Motie,1,0,20,0,0,0,0,1,0,0
"Greenfield Stadium , Thiruvananthapuram",2,19.5,19.5,India national cricket team,West Indies cricket team,Shubman Gill,Virat Kohli,Gudakesh Motie,1,0,20,0,0,0,0,1,0,0
"Greenfield Stadium , Thiruvananthapuram",2,19.6,19.6,India national cricket team,West Indies cricket team,Virat Kohli,Shubman Gill,Gudakesh Motie,0,0,20,0,0,0,0,0,0,0
"Greenfield Stadium , Thiruvananthapuram",2,20.1,20.1,India national cricket team,West Indies cricket team,Shubman Gill,Virat Kohli,Roston Chase,1,0,21,0,0,0,0,1,0,0
"Greenfield Stadium , Thiruvananthapuram",2,20.2,20.2,India national cricket team,West Indies cricket team,Virat Kohli,Shubman Gill,Roston Chase,1,0,21,0,0,0,0,1,0,0
"Greenfield Stadium , Thiruvananthapuram",2,20.3,20.3,India national cricket team,West Indies cricket team,Shubman Gill,Virat Kohli,Roston Chase,0,0,21,0,0,0,0,0,0,0
"Greenfield Stadium , Thiruvananthapuram",2,20.4,20.4,India national cricket team,West Indies cricket team,Shubman Gill,Virat Kohli,Roston Chase,4,0,21,0,0,0,0,4,1,0
"Greenfield Stadium , Thiruvananthapuram",2,20.5,20.5,India national cricket team,West Indies cricket team,Shubman Gill,Virat Kohli,Roston Chase,0,0,21,0,0,0,0,0,0,0
"Greenfield Stadium , Thiruvananthapuram",2,20.6,20.6,India national cricket team,West Indies cricket team,Shubman Gill,Virat Kohli,Roston Chase,1,0,21,0,0,0,0,1,0,0
"Greenfield Stadium , Thiruvananthapuram",2,21.1,21.1,India national cricket team,West Indies cricket team,Shubman Gill,Virat Kohli,Gudakesh Motie,0,0,22,0,0,0,0,0,0,0
"Greenfield Stadium , Thiruvananthapuram",2,21.2,21.2,India national cricket team,West Indies cricket team,Shubman Gill,Virat Kohli,Gudakesh Motie,0,0,22,0,0,0,0,0,0,0
"Greenfield Stadium , Thiruvananthapuram",2,21.3,21.3,India national cricket team,West Indies cricket team,Shubman Gill,Virat Kohli,Gudakesh Motie,1,0,22,0,0,0,0,1,0,0
"Greenfield Stadium , Thiruvananthapuram",2,21.4,21.4,India national cricket team,West Indies cricket team,Virat Kohli,Shubman Gill,Gudakesh Motie,1,0,22,0,0,0,0,1,0,0
"Greenfield Stadium , Thiruvananthapuram",2,21.5,21.5,India national cricket team,West Indies cricket team,Shubman Gill,Virat Kohli,Gudakesh Motie,1,0,22,0,0,0,0,1,0,0
"Greenfield Stadium , Thiruvananthapuram",2,21.6,21.6,India national cricket team,West Indies cricket team,Virat Kohli,Shubman Gill,Gudakesh Motie,1,0,22,0,0,0,0,1,0,0
"Greenfield Stadium , Thiruvananthapuram",2,22.1,22.1,India national cricket team,West Indies cricket team,Virat Kohli,Shubman Gill,Matthew Forde,4,0,23,0,0,0,0,4,1,0
"Greenfield Stadium , Thiruvananthapuram",2,22.2,22.2,India national cricket team,West Indies cricket team,Virat Kohli,Shubman Gill,Matthew Forde,1,0,23,0,0,0,0,1,0,0
"Greenfield Stadium , Thiruvananthapuram",2,22.3,22.3,India national cricket team,West Indies cricket team,Shubman Gill,Virat Kohli,Matthew Forde,1,0,23,0,0,0,0,1,0,0
"Greenfield Stadium , Thiruvananthapuram",2,22.4,22.4,India national cricket team,West Indies cricket team,Virat Kohli,Shubman Gill,Matthew Forde,1,0,23,0,0,0,0,1,0,0
"Greenfield Stadium , Thiruvananthapuram",2,22.5,22.5,India national cricket team,West Indies cricket team,Shubman Gill,Virat Kohli,Matthew Forde,0,0,23,0,0,0,0,0,0,0
"Greenfield Stadium , Thiruvananthapuram",2,22.6,22.6,India national cricket team,West Indies cricket team,Shubman Gill,Virat Kohli,Matthew Forde,0,0,23,0,0,0,0,0,0,0
"Greenfield Stadium , Thiruvananthapuram",2,23.1,23.1,India national cricket team,West Indies cricket team,Virat Kohli,Shubman Gill,Gudakesh Motie,1,0,24,0,0,0,0,1,0,0
"Greenfield Stadium , Thiruvananthapuram",2,23.2,23.2,India national cricket team,West Indies cricket team,Shubman Gill,Virat Kohli,Gudakesh Motie,1,0,24,0,0,0,0,1,0,0
"Greenfield Stadium , Thiruvananthapuram",2,23.3,23.3,India national cricket team,West Indies cricket team,Virat Kohli,Shubman Gill,Gudakesh Motie,0,0,24,0,0,0,0,0,0,0
"Greenfield Stadium , Thiruvananthapuram",2,23.4,23.4,India national cricket team,West Indies cricket team,Virat Kohli,Shubman Gill,Gudakesh Motie,1,0,24,0,0,0,0,1,0,0
"Greenfield Stadium , Thiruvananthapuram",2,23.5,23.5,India national cricket team,West Indies cricket team,Shubman Gill,Virat Kohli,Gudakesh Motie,1,0,24,0,0,0,0,1,0,0
"Greenfield Stadium , Thiruvananthapuram",2,23.6,23.6,India national cricket team,West Indies cricket team,Virat Kohli,Shubman Gill,Gudakesh Motie,0,0,24,0,0,0,0,0,0,0
"Greenfield Stadium , Thiruvananthapuram",2,24.1,24.1,India national cricket team,West Indies cricket team,Shubman Gill,Virat Kohli,Matthew Forde,1,0,25,0,0,0,0,1,0,0
"Greenfield Stadium , Thiruvananthapuram",2,24.2,24.2,India national cricket team,West Indies cricket team,Virat Kohli,Shubman Gill,Matthew Forde,1,0,25,0,0,0,0,1,0,0
"Greenfield Stadium , Thiruvananthapuram",2,24.3,24.3,India national cricket team,West Indies cricket team,Shubman Gill,Virat Kohli,Matthew Forde,4,0,25,0,0,0,0,4,1,0
"Greenfield Stadium , Thiruvananthapuram",2,24.4,24.4,India national cricket team,West Indies cricket team,Shubman Gill,Virat Kohli,Matthew Forde,1,0,25,0,0,0,0,1,0,0
"Greenfield Stadium , Thiruvananthapuram",2,24.5,24.5,India national cricket team,West Indies cricket team,Virat Kohli,Shubman Gill,Matthew Forde,1,0,25,0,0,0,0,1,0,0
"Greenfield Stadium , Thiruvananthapuram",2,24.6,24.6,India national cricket team,West Indies cricket team,Shubman Gill,Virat Kohli,Matthew Forde,4,0,25,0,0,0,0,4,1,0
"Greenfield Stadium , Thiruvananthapuram",2,25.1,25.1,India national cricket team,West Indies cricket team,Virat Kohli,Shubman Gill,Gudakesh Motie,1,0,26,0,0,0,0,1,0,0
"Greenfield Stadium , Thiruvananthapuram",2,25.2,25.2,India national cricket team,West Indies cricket team,Shubman Gill,Virat Kohli,Gudakesh Motie,0,0,26,0,0,0,0,0,0,0
"Greenfield Stadium , Thiruvananthapuram",2,25.3,25.3,India national cricket team,West Indies cricket team,Shubman Gill,Virat Kohli,Gudakesh Motie,0,0,26,0,0,0,0,0,0,0
"Greenfield Stadium , Thiruvananthapuram",2,25.4,25.4,India national cricket team,West Indies cricket team,Shubman Gill,Virat Kohli,Gudakesh Motie,1,0,26,0,0,0,0,1,0,0
"Greenfield Stadium , Thiruvananthapuram",2,25.5,25.5,India national cricket team,West Indies cricket team,Virat Kohli,Shubman Gill,Gudakesh Motie,1,0,26,0,0,0,0,1,0,0
"Greenfield Stadium , Thiruvananthapuram",2,25.6,25.6,India national cricket team,West Indies cricket team,Shubman Gill,Virat Kohli,Gudakesh Motie,0,0,26,0,0,0,0,0,0,0
"Greenfield Stadium , Thiruvananthapuram",2,26.1,26.1,India national cricket team,West Indies cricket team,Virat Kohli,Shubman Gill,Alzarri Joseph,6,0,27,0,0,0,0,6,0,1
"Greenfield Stadium , Thiruvananthapuram",2,26.2,26.2,India national cricket team,West Indies cricket team,Virat Kohli,Shubman Gill,Alzarri Joseph,1,0,27,0,0,0,0,1,0,0
"Greenfield Stadium , Thiruvananthapuram",2,26.3,26.3,India national cricket team,West Indies cricket team,Shubman Gill,Virat Kohli,Alzarri Joseph,0,0,27,0,0,0,0,0,0,0
"Greenfield Stadium , Thiruvananthapuram",2,26.4,26.4,India national cricket team,West Indies cricket team,Shubman Gill,Virat Kohli,Alzarri Joseph,1,0,27,0,0,0,0,1,0,0
"Greenfield Stadium , Thiruvananthapuram",2,26.5,26.5,India national cricket team,West Indies cricket team,Virat Kohli,Shubman Gill,Alzarri Joseph,0,0,27,0,0,0,0,0,0,0
"Greenfield Stadium , Thiruvananthapuram",2,26.6,26.6,India national cricket team,West Indies cricket team,Virat Kohli,Shubman Gill,Alzarri Joseph,0,0,27,0,0,0,0,0,0,0
"Greenfield Stadium , Thiruvananthapuram",2,27.1,27.1,India national cricket team,West Indies cricket team,Shubman Gill,Virat Kohli,Roston Chase,0,0,28,0,0,0,0,0,0,0
"Greenfield Stadium , Thiruvananthapuram",2,27.2,27.2,India national cricket team,West Indies cricket team,Shubman Gill,Virat Kohli,Roston Chase,4,0,28,0,0,0,0,4,1,0
"Greenfield Stadium , Thiruvananthapuram",2,27.3,27.3,India national cricket team,West Indies cricket team,Shubman Gill,Virat Kohli,Roston Chase,1,0,28,0,0,0,0,1,0,0
"Greenfield Stadium , Thiruvananthapuram",2,27.4,27.4,India national cricket team,West Indies cricket team,Virat Kohli,Shubman Gill,Roston Chase,1,0,28,0,0,0,0,1,0,0
"Greenfield Stadium , Thiruvananthapuram",2,27.5,27.5,India national cricket team,West Indies cricket team,Shubman Gill,Virat Kohli,Roston Chase,4,0,28,0,0,0,0,4,1,0
"Greenfield Stadium , Thiruvananthapuram",2,27.6,27.6,India national cricket team,West Indies cricket team,Shubman Gill,Virat Kohli,Roston Chase,0,0,28,0,0,0,0,0,0,0
"Greenfield Stadium , Thiruvananthapuram",2,28.1,28.1,India national cricket team,West Indies cricket team,Virat Kohli,Shubman Gill,Alzarri Joseph,1,0,29,0,0,0,0,1,0,0
"Greenfield Stadium , Thiruvananthapuram",2,28.2,28.2,India national cricket team,West Indies cricket team,Shubman Gill,Virat Kohli,Alzarri Joseph,0,0,29,0,0,0,0,0,0,0
"Greenfield Stadium , Thiruvananthapuram",2,28.3,28.3,India national cricket team,West Indies cricket team,Shubman Gill,Virat Kohli,Alzarri Joseph,1,0,29,0,0,0,0,1,0,0
"Greenfield Stadium , Thiruvananthapuram",2,28.4,28.4,India national cricket team,West Indies cricket team,Virat Kohli,Shubman Gill,Alzarri Joseph,4,0,29,0,0,0,0,4,1,0
"Greenfield Stadium , Thiruvananthapuram",2,28.5,28.5,India national cricket team,West Indies cricket team,Virat Kohli,Shubman Gill,Alzarri Joseph,4,0,29,0,0,0,0,4,1,0
"Greenfield Stadium , Thiruvananthapuram",2,28.6,28.6,India national cricket team,West Indies cricket team,Virat Kohli,Shubman Gill,Alzarri Joseph,4,0,29,0,0,0,0,4,1,0
"Greenfield Stadium , Thiruvananthapuram",2,29.1,29.1,India national cricket team,West Indies cricket team,Shubman Gill,Virat Kohli,Roston Chase,1,0,30,0,0,0,0,1,0,0
"Greenfield Stadium , Thiruvananthapuram",2,29.2,29.2,India national cricket team,West Indies cricket team,Virat Kohli,Shubman Gill,Roston Chase,1,0,30,0,0,0,0,1,0,0
"Greenfield Stadium , Thiruvananthapuram",2,29.3,29.3,India national cricket team,West Indies cricket team,Shubman Gill,Virat Kohli,Roston Chase,0,0,30,0,0,0,0,0,0,0
"Greenfield Stadium , Thiruvananthapuram",2,29.4,29.4,India national cricket team,West Indies cricket team,Shubman Gill,Virat Kohli,Roston Chase,0,0,30,0,0,0,0,0,0,0
"Greenfield Stadium , Thiruvananthapuram",2,29.5,29.5,India national cricket team,West Indies cricket team,Shubman Gill,Virat Kohli,Roston Chase,1,0,30,0,0,0,0,1,0,0
"Greenfield Stadium , Thiruvananthapuram",2,29.6,29.6,India national cricket team,West Indies cricket team,Virat Kohli,Shubman Gill,Roston Chase,0,0,30,0,0,0,0,0,0,0
"Greenfield Stadium , Thiruvananthapuram",2,30.1,30.1,India national cricket team,West Indies cricket team,Shubman Gill,Virat Kohli,Jayden Seales,4,0,31,0,0,0,0,4,1,0
"Greenfield Stadium , Thiruvananthapuram",2,30.2,30.2,India national cricket team,West Indies cricket team,Shubman Gill,Virat Kohli,Jayden Seales,0,0,31,0,0,0,0,0,0,0
"Greenfield Stadium , Thiruvananthapuram",2,30.3,30.3,India national cricket team,West Indies cricket team,Shubman Gill,Virat Kohli,Jayden Seales,0,0,31,0,0,0,0,0,0,0
"Greenfield Stadium , Thiruvananthapuram",2,30.4,30.4,India national cricket team,West Indies cricket team,Shubman Gill,Virat Kohli,Jayden Seales,0,0,31,0,0,0,0,0,0,0
"Greenfield Stadium , Thiruvananthapuram",2,30.5,30.5,India national cricket team,West Indies cricket team,Shubman Gill,Virat Kohli,Jayden Seales,2,0,31,0,0,0,0,2,0,0
"Greenfield Stadium , Thiruvananthapuram",2,30.6,30.6,India national cricket team,West Indies cricket team,Shubman Gill,Virat Kohli,Jayden Seales,0,0,31,0,0,0,0,0,0,0
"Greenfield Stadium , Thiruvananthapuram",2,31.1,31.1,India national cricket team,West Indies cricket team,Virat Kohli,Shubman Gill,Roston Chase,6,0,32,0,0,0,0,6,0,1
"Greenfield Stadium , Thiruvananthapuram",2,31.2,31.2,India national cricket team,West Indies cricket team,Virat Kohli,Shubman Gill,Roston Chase,1,0,32,0,0,0,0,1,0,0
"Greenfield Stadium , Thiruvananthapuram",2,31.3,31.3,India national cricket team,West Indies cricket team,Shubman Gill,Virat Kohli,Roston Chase,4,0,32,0,0,0,0,4,1,0
"Greenfield Stadium , Thiruvananthapuram",2,31.4,31.4,India national cricket team,West Indies cricket team,Shubman Gill,Virat Kohli,Roston Chase,1,0,32,0,0,0,0,1,0,0
"Greenfield Stadium , Thiruvananthapuram",2,31.5,31.5,India national cricket team,West Indies cricket team,Virat Kohli,Shubman Gill,Roston Chase,1,0,32,0,0,0,0,1,0,0
"Greenfield Stadium , Thiruvananthapuram",2,31.6,31.6,India national cricket team,West Indies cricket team,Shubman Gill,Virat Kohli,Roston Chase,0,0,32,0,0,0,0,0,0,0
"Greenfield Stadium , Thiruvananthapuram",2,32.1,32.1,India national cricket team,West Indies cricket team,Virat Kohli,Shubman Gill,Jayden Seales,1,0,33,1,0,0,1,0,0,0
"Greenfield Stadium , Thiruvananthapuram",2,32.2,32.2,India national cricket team,West Indies cricket team,Shubman Gill,Virat Kohli,Jayden Seales,0,0,33,0,0,0,0,0,0,0
"Greenfield Stadium , Thiruvananthapuram",2,32.3,32.3,India national cricket team,West Indies cricket team,Shubman Gill,Virat Kohli,Jayden Seales,1,0,33,0,0,0,0,1,0,0
"Greenfield Stadium , Thiruvananthapuram",2,32.4,32.4,India national cricket team,West Indies cricket team,Virat Kohli,Shubman Gill,Jayden Seales,0,0,33,0,0,0,0,0,0,0
"Greenfield Stadium , Thiruvananthapuram",2,32.5,32.5,India national cricket team,West Indies cricket team,Virat Kohli,Shubman Gill,Jayden Seales,0,0,33,0,0,0,0,0,0,0
"Greenfield Stadium , Thiruvananthapuram",2,32.6,32.6,India national cricket team,West Indies cricket team,Virat Kohli,Shubman Gill,Jayden Seales,0,0,33,0,0,0,0,0,0,0
"Greenfield Stadium , Thiruvananthapuram",2,33.1,33.1,India national cricket team,West Indies cricket team,Shubman Gill,Virat Kohli,Roston Chase,1,0,34,0,0,0,0,1,0,0
"Greenfield Stadium , Thiruvananthapuram",2,33.2,33.2,India national cricket team,West Indies cricket team,Virat Kohli,Shubman Gill,Roston Chase,0,0,34,0,0,0,0,0,0,0
"Greenfield Stadium , Thiruvananthapuram",2,33.3,33.3,India national cricket team,West Indies cricket team,Virat Kohli,Shubman Gill,Roston Chase,0,0,34,0,0,0,0,0,0,0
"Greenfield Stadium , Thiruvananthapuram",2,33.4,33.4,India national cricket team,West Indies cricket team,Virat Kohli,Shubman Gill,Roston Chase,6,0,34,0,0,0,0,6,0,1
"Greenfield Stadium , Thiruvananthapuram",2,33.5,33.5,India national cricket team,West Indies cricket team,Virat Kohli,Shubman Gill,Roston Chase,1,0,34,0,0,0,0,1,0,0
"Greenfield Stadium , Thiruvananthapuram",2,33.6,33.6,India national cricket team,West Indies cricket team,Shubman Gill,Virat Kohli,Roston Chase,0,1,34,0,0,0,0,0,0,0
"Greenfield Stadium , Thiruvananthapuram",2,34.1,34.1,India national cricket team,West Indies cricket team,Virat Kohli,Ruturaj Gaikwad,Jayden Seales,1,0,35,0,0,0,0,1,0,0
"Greenfield Stadium , Thiruvananthapuram",2,34.2,34.2,India national cricket team,West Indies cricket team,Ruturaj Gaikwad,Virat Kohli,Jayden Seales,1,0,35,0,0,0,0,1,0,0
"Greenfield Stadium , Thiruvananthapuram",2,34.3,34.3,India national cricket team,West Indies cricket team,Virat Kohli,Ruturaj Gaikwad,Jayden Seales,1,0,35,1,1,0,0,0,0,0
"Greenfield Stadium , Thiruvananthapuram",2,34.4,34.3,India national cricket team,West Indies cricket team,Virat Kohli,Ruturaj Gaikwad,Jayden Seales,1,0,35,0,0,0,0,1,0,0
"Greenfield Stadium , Thiruvananthapuram",2,34.5,34.4,India national cricket team,West Indies cricket team,Ruturaj Gaikwad,Virat Kohli,Jayden Seales,0,0,35,0,0,0,0,0,0,0
"Greenfield Stadium , Thiruvananthapuram",2,34.6,34.5,India national cricket team,West Indies cricket team,Ruturaj Gaikwad,Virat Kohli,Jayden Seales,0,0,35,0,0,0,0,0,0,0
"Greenfield Stadium , Thiruvananthapuram",2,34.7,34.6,India national cricket team,West Indies cricket team,Ruturaj Gaikwad,Virat Kohli,Jayden Seales,0,0,35,0,0,0,0,0,0,0
"Greenfield Stadium , Thiruvananthapuram",2,35.1,35.1,India national cricket team,West Indies cricket team,Virat Kohli,Ruturaj Gaikwad,Gudakesh Motie,0,0,36,0,0,0,0,0,0,0
"Greenfield Stadium , Thiruvananthapuram",2,35.2,35.2,India national cricket team,West Indies cricket team,Virat Kohli,Ruturaj Gaikwad,Gudakesh Motie,1,0,36,0,0,0,0,1,0,0
"Greenfield Stadium , Thiruvananthapuram",2,35.3,35.3,India national cricket team,West Indies cricket team,Ruturaj Gaikwad,Virat Kohli,Gudakesh Motie,0,0,36,0,0,0,0,0,0,0
"Greenfield Stadium , Thiruvananthapuram",2,35.4,35.4,India national cricket team,West Indies cricket team,Ruturaj Gaikwad,Virat Kohli,Gudakesh Motie,1,0,36,0,0,0,0,1,0,0
"Greenfield Stadium , Thiruvananthapuram",2,35.5,35.5,India national cricket team,West Indies cricket team,Virat Kohli,Ruturaj Gaikwad,Gudakesh Motie,1,0,36,0,0,0,0,1,0,0
"Greenfield Stadium , Thiruvananthapuram",2,35.6,35.6,India national cricket team,West Indies cricket team,Ruturaj Gaikwad,Virat Kohli,Gudakesh Motie,0,0,36,0,0,0,0,0,0,0
"Greenfield Stadium , Thiruvananthapuram",2,36.1,36.1,India national cricket team,West Indies cricket team,Virat Kohli,Ruturaj Gaikwad,Alzarri Joseph,1,0,37,0,0,0,0,1,0,0
"Greenfield Stadium , Thiruvananthapuram",2,36.2,36.2,India national cricket team,West Indies cricket team,Ruturaj Gaikwad,Virat Kohli,Alzarri Joseph,1,0,37,0,0,0,0,1,0,0
"Greenfield Stadium , Thiruvananthapuram",2,36.3,36.3,India national cricket team,West Indies cricket team,Virat Kohli,Ruturaj Gaikwad,Alzarri Joseph,6,0,37,0,0,0,0,6,0,1
"Greenfield Stadium , Thiruvananthapuram",2,36.4,36.4,India national cricket team,West Indies cricket team,Virat Kohli,Ruturaj Gaikwad,Alzarri Joseph,0,0,37,0,0,0,0,0,0,0
"Greenfield Stadium , Thiruvananthapuram",2,36.5,36.5,India national cricket team,West Indies cricket team,Virat Kohli,Ruturaj Gaikwad,Alzarri Joseph,0,0,37,0,0,0,0,0,0,0
"Greenfield Stadium , Thiruvananthapuram",2,36.6,36.6,India national cricket team,West Indies cricket team,Virat Kohli,Ruturaj Gaikwad,Alzarri Joseph,0,0,37,0,0,0,0,0,0,0
"Greenfield Stadium , Thiruvananthapuram",2,37.1,37.1,India national cricket team,West Indies cricket team,Ruturaj Gaikwad,Virat Kohli,Gudakesh Motie,1,0,38,0,0,0,0,1,0,0
"Greenfield Stadium , Thiruvananthapuram",2,37.2,37.2,India national cricket team,West Indies cricket team,Virat Kohli,Ruturaj Gaikwad,Gudakesh Motie,0,0,38,0,0,0,0,0,0,0
"Greenfield Stadium , Thiruvananthapuram",2,37.3,37.3,India national cricket team,West Indies cricket team,Virat Kohli,Ruturaj Gaikwad,Gudakesh Motie,2,0,38,0,0,0,0,2,0,0
"Greenfield Stadium , Thiruvananthapuram",2,37.4,37.4,India national cricket team,West Indies cricket team,Virat Kohli,Ruturaj Gaikwad,Gudakesh Motie,6,0,38,0,0,0,0,6,0,1
"Greenfield Stadium , Thiruvananthapuram",2,37.5,37.5,India national cricket team,West Indies cricket team,Virat Kohli,Ruturaj Gaikwad,Gudakesh Motie,1,0,38,0,0,0,0,1,0,0
"Greenfield Stadium , Thiruvananthapuram",2,37.6,37.6,India national cricket team,West Indies cricket team,Ruturaj Gaikwad,Virat Kohli,Gudakesh Motie,1,0,38,0,0,0,0,1,0,0
"Greenfield Stadium , Thiruvananthapuram",2,38.1,38.1,India national cricket team,West Indies cricket team,Ruturaj Gaikwad,Virat Kohli,Alzarri Joseph,1,0,39,0,0,0,0,1,0,0
"Greenfield Stadium , Thiruvananthapuram",2,38.2,38.2,India national cricket team,West Indies cricket team,Virat Kohli,Ruturaj Gaikwad,Alzarri Joseph,4,0,39,0,0,0,0,4,1,0
"Greenfield Stadium , Thiruvananthapuram",2,38.3,38.3,India national cricket team,West Indies cricket team,Virat Kohli,Ruturaj Gaikwad,Alzarri Joseph,0,0,39,0,0,0,0,0,0,0
"Greenfield Stadium , Thiruvananthapuram",2,38.4,38.4,India national cricket team,West Indies cricket team,Virat Kohli,Ruturaj Gaikwad,Alzarri Joseph,1,0,39,0,0,0,0,1,0,0
"Greenfield Stadium , Thiruvananthapuram",2,38.5,38.5,India national cricket team,West Indies cricket team,Ruturaj Gaikwad,Virat Kohli,Alzarri Joseph,3,0,39,0,0,0,0,3,0,0
"Greenfield Stadium , Thiruvananthapuram",2,38.6,38.6,India national cricket team,West Indies cricket team,Virat Kohli,Ruturaj Gaikwad,Alzarri Joseph,0,0,39,0,0,0,0,0,0,0
"Greenfield Stadium , Thiruvananthapuram",2,39.1,39.1,India national cricket team,West Indies cricket team,Ruturaj Gaikwad,Virat Kohli,Gudakesh Motie,0,0,40,0,0,0,0,0,0,0
"Greenfield Stadium , Thiruvananthapuram",2,39.2,39.2,India national cricket team,West Indies cricket team,Ruturaj Gaikwad,Virat Kohli,Gudakesh Motie,0,0,40,0,0,0,0,0,0,0
"Greenfield Stadium , Thiruvananthapuram",2,39.3,39.3,India national cricket team,West Indies cricket team,Ruturaj Gaikwad,Virat Kohli,Gudakesh Motie,0,0,40,0,0,0,0,0,0,0
"Greenfield Stadium , Thiruvananthapuram",2,39.4,39.4,India national cricket team,West Indies cricket team,Ruturaj Gaikwad,Virat Kohli,Gudakesh Motie,1,0,40,0,0,0,0,1,0,0
"Greenfield Stadium , Thiruvananthapuram",2,39.5,39.5,India national cricket team,West Indies cricket team,Virat Kohli,Ruturaj Gaikwad,Gudakesh Motie,6,0,40,0,0,0,0,6,0,1
"Greenfield Stadium , Thiruvananthapuram",2,39.6,39.6,India national cricket team,West Indies cricket team,Virat Kohli,Ruturaj Gaikwad,Gudakesh Motie,4,0,40,0,0,0,0,4,1,0
"Greenfield Stadium , Thiruvananthapuram",2,40.1,40.1,India national cricket team,West Indies cricket team,Ruturaj Gaikwad,Virat Kohli,Alzarri Joseph,1,0,41,0,0,0,0,1,0,0
"Greenfield Stadium , Thiruvananthapuram",2,40.2,40.2,India national cricket team,West Indies cricket team,Virat Kohli,Ruturaj Gaikwad,Alzarri Joseph,4,0,41,0,0,0,0,4,1,0
"Greenfield Stadium , Thiruvananthapuram",2,40.3,40.3,India national cricket team,West Indies cricket team,Virat Kohli,Ruturaj Gaikwad,Alzarri Joseph,1,0,41,0,0,0,0,1,0,0
"Greenfield Stadium , Thiruvananthapuram",2,40.4,40.4,India national cricket team,West Indies cricket team,Ruturaj Gaikwad,Virat Kohli,Alzarri Joseph,1,0,41,0,0,0,0,1,0,0
"Greenfield Stadium , Thiruvananthapuram",2,40.5,40.5,India national cricket team,West Indies cricket team,Virat Kohli,Ruturaj Gaikwad,Alzarri Joseph,4,0,41,0,0,0,0,4,1,0
"Greenfield Stadium , Thiruvananthapuram",2,40.6,40.6,India national cricket team,West Indies cricket team,Virat Kohli,Ruturaj Gaikwad,Alzarri Joseph,1,0,41,0,0,0,0,1,0,0
"Greenfield Stadium , Thiruvananthapuram",2,41.1,41.1,India national cricket team,West Indies cricket team,Virat Kohli,Ruturaj Gaikwad,Keacy Carty,3,0,42,3,3,0,0,0,0,0
"Greenfield Stadium , Thiruvananthapuram",2,41.2,41.1,India national cricket team,West Indies cricket team,Virat Kohli,Ruturaj Gaikwad,Keacy Carty,1,0,42,0,0,0,0,1,0,0
"Greenfield Stadium , Thiruvananthapuram",2,41.3,41.2,India national cricket team,West Indies cricket team,Ruturaj Gaikwad,Virat Kohli,Keacy Carty,1,0,42,0,0,0,0,1,0,0
"Greenfield Stadium , Thiruvananthapuram",2,41.4,41.3,India national cricket team,West Indies cricket team,Virat Kohli,Ruturaj Gaikwad,Keacy Carty,6,0,42,0,0,0,0,6,0,1
"Greenfield Stadium , Thiruvananthapuram",2,41.5,41.4,India national cricket team,West Indies cricket team,Virat Kohli,Ruturaj Gaikwad,Keacy Carty,6,0,42,0,0,0,0,6,0,1